gender,breed,age,temperature,heartbeat,activity_level,ambient_temperature,label
0,2,1.3,38.66,98.26,2,20.8,0
1,0,5.1,38.48,116.36,0,23.06,0
0,2,14.3,38.93,96.3,0,6.49,0
1,1,12.4,38.81,83.97,3,26.19,0
0,3,11.4,38.37,103.83,3,10.75,0
1,3,8.8,38.34,157.92,3,16.2,1
1,0,5.1,38.51,37.8,0,15.34,1
1,1,9.0,38.29,86.82,1,19.9,0
0,1,1.1,40.46,85.6,1,29.28,1
1,3,12.1,39.3,100.73,2,31.31,0
0,1,2.3,38.42,87.73,1,20.96,0
0,3,10.2,38.19,85.53,3,27.14,0
1,1,11.3,38.85,93.99,0,15.49,0
0,3,6.4,38.43,168.34,0,14.8,1
0,2,14.5,38.4,64.12,2,13.95,0
1,3,13.5,40.1,148.03,2,19.83,1
0,1,4.8,38.06,98.04,0,12.77,0
0,3,11.3,37.81,61.35,3,18.26,0
1,0,7.2,38.82,192.45,0,10.25,1
1,0,8.2,36.84,63.47,3,25.84,1
0,1,14.3,37.59,122.41,3,12.33,0
1,0,7.0,38.73,141.05,1,19.76,1
0,0,11.0,38.28,88.44,2,19.39,0
1,3,6.4,38.58,68.86,0,11.58,0
1,1,10.2,37.86,94.3,0,11.63,0
0,2,5.8,38.3,76.65,0,18.05,0
1,0,11.0,38.66,84.68,0,11.68,0
0,1,11.7,38.64,72.12,2,24.98,0
1,2,10.5,38.0,73.73,2,15.93,0
0,1,13.5,38.29,87.67,3,17.96,0
1,3,10.9,38.92,78.67,0,9.22,0
1,0,11.0,37.96,110.3,2,18.6,0
1,1,9.1,38.09,85.54,1,10.72,0
1,3,8.8,38.35,48.86,0,16.48,1
1,2,10.9,38.57,66.8,2,23.16,0
0,1,8.8,38.47,135.65,0,14.81,0
1,1,9.8,38.15,67.26,0,9.93,0
0,0,4.8,38.37,81.6,0,13.9,0
1,3,9.8,37.9,179.53,1,23.87,1
1,0,3.3,38.59,60.32,2,19.57,0
1,2,6.0,38.64,68.11,1,15.12,0
1,2,8.6,38.19,178.68,3,18.49,1
1,3,6.0,38.26,78.86,1,16.41,0
1,1,12.5,38.81,83.37,1,34.74,0
0,2,11.2,39.93,108.06,1,14.17,1
0,0,4.9,38.54,185.65,0,7.95,1
0,0,12.8,39.03,114.43,2,17.66,0
1,2,11.8,38.34,95.04,3,19.8,0
0,2,3.2,37.75,98.52,0,27.03,0
0,2,6.9,38.42,74.02,0,19.16,0
0,1,8.1,38.14,85.58,0,9.94,0
1,1,13.3,40.03,66.51,0,15.62,1
1,3,5.8,38.8,107.02,2,11.01,0
0,1,14.6,38.24,114.43,1,20.42,0
0,3,8.5,40.4,140.16,0,21.04,1
1,0,1.5,38.44,120.04,0,25.2,0
1,3,2.5,38.1,90.26,1,15.63,0
1,1,8.5,38.82,71.98,0,12.1,0
0,3,9.1,38.86,101.63,3,5.45,0
0,3,14.2,39.22,54.94,1,18.73,1
1,2,14.0,38.55,138.97,1,20.51,0
0,3,0.9,38.14,172.68,0,10.87,1
1,3,5.4,38.39,59.83,0,12.85,1
0,0,11.9,38.45,76.95,2,19.27,0
0,1,8.6,37.93,113.5,0,15.67,0
1,1,2.9,38.13,116.98,0,16.43,0
1,3,8.7,37.61,117.3,3,21.02,0
0,0,14.2,38.63,93.75,2,16.74,0
0,0,9.0,38.24,192.84,0,15.8,1
0,2,9.7,38.11,66.48,1,18.56,0
1,2,11.2,36.73,121.89,2,8.53,1
1,3,7.2,38.62,54.53,2,19.2,1
0,2,5.9,38.4,66.32,0,15.42,0
0,1,9.2,37.61,97.12,1,18.84,0
1,3,3.2,39.09,90.54,0,20.69,0
0,3,11.4,38.8,78.11,2,5.52,0
1,0,5.0,37.52,93.13,1,19.24,0
1,1,10.0,38.19,134.85,0,16.21,0
0,1,13.8,38.43,197.39,0,14.7,1
0,0,14.5,40.88,81.34,1,12.85,1
1,2,4.0,38.9,87.62,3,17.88,0
0,0,6.5,38.79,101.69,2,27.09,0
1,3,9.1,38.74,184.22,1,11.78,1
1,1,13.4,39.16,97.49,0,11.37,0
1,0,1.6,38.53,149.73,2,18.48,1
1,2,3.8,37.81,93.65,0,29.19,0
0,2,3.4,38.65,30.57,0,22.12,1
0,0,12.1,38.72,84.88,2,19.09,0
1,3,13.5,38.34,80.1,2,18.69,0
0,2,2.0,38.55,48.52,0,19.97,1
0,3,0.8,38.92,106.1,0,18.64,0
1,2,1.1,38.61,61.97,1,17.36,0
1,3,0.6,38.55,91.0,1,17.58,0
1,0,11.4,39.22,150.09,0,9.0,1
1,3,0.8,38.45,118.39,2,16.79,0
0,3,1.5,40.96,193.03,2,20.51,1
0,0,10.5,38.7,81.7,0,17.72,0
0,2,6.5,39.16,67.62,0,17.31,0
0,3,10.4,38.66,111.85,0,22.27,0
0,2,9.1,39.32,87.7,0,12.34,0
1,2,3.6,38.38,67.82,1,24.71,0
1,3,5.4,37.4,55.66,0,11.53,1
0,0,5.6,38.78,62.55,1,18.67,0
1,2,5.0,38.47,84.31,2,17.15,0
1,1,10.9,38.54,179.59,0,18.2,1
1,1,14.7,38.32,89.62,0,18.98,0
1,0,6.4,38.0,159.83,2,8.91,1
0,1,14.5,37.49,99.56,0,24.03,0
1,2,14.8,38.33,94.87,0,22.27,0
0,3,12.0,38.87,97.26,2,12.2,0
0,0,14.0,38.65,116.05,0,22.76,0
1,2,2.7,38.88,56.05,0,22.62,1
1,2,10.7,38.54,89.46,0,30.75,0
0,1,3.0,37.5,77.12,1,25.56,0
1,2,13.9,38.4,146.21,2,20.67,1
0,2,8.6,38.51,78.85,1,15.06,0
1,3,3.2,39.11,67.96,1,22.42,0
1,1,14.4,38.09,91.31,3,18.57,0
0,2,1.0,38.28,56.29,1,26.05,1
1,0,2.2,37.51,59.54,0,23.5,1
1,0,14.5,38.22,71.47,1,5.84,0
1,3,5.5,38.56,93.41,0,17.68,0
0,2,3.8,38.66,67.71,2,25.56,0
1,3,12.6,40.23,33.53,0,13.74,1
0,1,9.9,37.89,74.41,0,10.93,0
1,1,7.0,37.89,97.06,3,7.47,0
1,0,4.4,40.28,119.5,1,18.61,1
0,2,12.8,38.45,62.71,2,13.94,0
1,1,10.7,38.35,90.92,0,17.05,0
1,2,13.5,37.79,75.98,0,11.89,0
0,2,7.9,37.91,82.87,0,12.93,0
0,3,12.7,38.74,126.54,0,19.13,0
1,0,11.7,38.34,101.26,0,16.55,0
1,3,14.7,37.93,125.94,2,20.13,0
1,0,2.1,38.56,58.18,1,16.04,1
0,2,13.2,36.19,120.68,3,11.67,1
0,1,9.2,38.91,78.53,0,16.24,0
1,3,9.8,37.75,96.77,1,15.37,0
0,2,13.4,38.44,110.69,2,17.49,0
0,1,5.9,38.31,77.39,1,17.3,0
1,0,12.0,37.49,92.2,2,6.15,0
1,2,8.6,38.49,68.59,1,15.7,0
1,2,3.8,38.39,102.4,0,17.18,0
0,1,12.2,38.18,113.37,1,21.3,0
1,1,0.6,38.8,130.9,0,17.85,0
0,2,1.8,38.22,137.13,0,16.7,0
1,0,10.2,38.95,123.95,1,18.38,0
0,0,2.5,40.08,122.1,0,15.06,1
1,1,6.1,39.28,111.28,0,22.0,0
1,2,14.2,37.74,92.11,0,25.02,0
1,3,4.4,37.57,115.58,0,23.52,0
0,2,4.8,38.66,86.7,0,34.97,0
1,2,4.7,38.65,141.76,3,24.27,1
0,1,11.1,38.48,80.38,2,12.72,0
1,1,7.7,36.97,197.59,0,20.63,1
1,0,12.2,38.62,117.02,0,18.52,0
1,3,5.6,38.07,82.96,3,19.58,0
0,1,11.4,38.68,71.81,0,14.24,0
1,3,10.2,38.9,109.48,2,16.78,0
1,3,5.9,38.57,76.78,0,11.81,0
1,3,14.9,38.28,89.0,0,21.03,0
0,0,14.0,38.25,111.59,2,28.24,0
1,2,0.8,38.75,137.31,1,15.52,0
0,1,14.3,37.9,38.2,0,10.41,1
1,3,10.1,38.49,139.26,2,14.16,0
0,0,13.1,40.02,77.78,2,15.91,1
0,2,7.0,38.3,110.24,1,16.73,0
1,2,4.7,38.5,52.54,1,26.48,1
1,0,12.9,38.12,91.89,1,15.75,0
1,0,0.7,40.09,75.88,1,7.61,1
0,3,10.7,38.28,101.14,0,18.08,0
1,0,12.1,37.65,70.32,1,26.03,0
0,1,13.3,38.5,104.07,0,24.17,0
1,3,1.1,37.93,85.36,0,10.94,0
0,2,10.6,38.46,63.45,0,21.98,0
0,3,14.8,38.33,100.12,2,13.43,0
1,0,12.0,38.2,131.24,0,20.63,0
1,3,4.8,38.05,135.55,0,17.87,0
1,0,3.0,38.37,69.75,0,16.13,0
0,0,14.2,38.87,53.4,2,26.84,1
0,1,11.0,38.87,121.95,0,22.46,0
0,0,9.3,38.21,117.82,0,20.32,0
0,2,3.3,38.62,61.62,2,30.93,0
1,3,9.7,38.36,169.45,1,21.36,1
0,2,3.0,37.61,114.44,1,14.39,0
1,1,14.4,39.73,85.11,1,23.24,1
1,1,2.0,38.53,93.44,3,13.06,0
0,1,12.4,39.92,50.9,3,25.12,1
0,1,2.0,38.35,61.72,0,26.0,0
1,0,4.3,39.14,162.74,0,20.19,1
0,0,11.0,39.29,109.26,3,29.0,0
1,1,5.6,40.65,46.2,1,17.14,1
1,0,5.7,38.51,92.16,2,16.15,0
1,2,5.3,38.14,107.9,1,21.23,0
1,3,8.2,38.85,152.5,0,20.34,1
1,1,8.7,40.57,86.01,3,23.3,1
0,3,7.8,38.07,80.08,2,22.37,0
0,3,4.5,38.4,55.21,2,20.26,1
0,2,1.8,37.98,135.64,0,15.83,0
1,2,5.7,38.16,145.27,2,11.95,1
1,0,9.9,37.9,130.53,3,21.69,0
0,3,11.5,38.49,116.54,0,20.07,0
0,0,14.6,38.53,89.11,0,28.97,0
1,3,7.0,38.57,127.24,0,29.43,0
0,3,1.6,39.57,111.53,1,20.03,1
0,0,15.0,37.84,84.6,1,19.45,0
0,3,2.8,38.19,142.67,1,7.09,1
1,3,2.3,38.54,93.3,2,20.36,0
0,3,10.2,38.46,74.02,0,21.82,0
1,3,4.8,36.29,94.18,3,19.63,1
1,3,13.7,38.16,74.89,3,12.23,0
1,0,6.8,36.95,93.09,0,20.16,1
1,3,7.9,38.5,95.47,0,18.37,0
0,1,10.5,38.86,96.23,0,25.27,0
0,3,2.4,40.75,134.02,1,12.31,1
0,1,7.1,38.02,90.97,2,26.9,0
1,2,6.0,37.97,89.65,0,24.8,0
1,1,2.2,36.26,64.52,0,19.21,1
1,0,3.2,38.58,82.9,1,17.16,0
1,2,10.2,37.94,81.21,0,19.08,0
0,0,11.1,38.63,109.94,0,22.33,0
0,2,4.0,40.11,87.22,0,21.62,1
1,2,5.0,38.75,104.48,2,19.15,0
0,3,12.2,39.67,183.6,2,23.27,1
0,0,7.6,38.41,82.02,2,23.34,0
1,0,12.1,38.05,71.01,3,7.47,0
1,3,6.8,38.45,91.17,2,17.91,0
1,2,6.0,38.93,194.67,2,15.9,1
0,0,10.0,38.24,100.16,0,12.74,0
0,0,5.1,38.08,82.26,1,14.25,0
1,3,1.0,38.66,65.51,2,6.99,0
1,0,2.1,38.56,87.17,0,24.5,0
1,1,1.1,37.38,90.7,0,20.87,0
0,0,2.7,37.87,84.54,2,15.16,0
0,0,13.3,40.26,72.54,1,35.59,1
0,3,2.1,39.13,61.63,0,15.36,0
0,3,9.8,37.72,113.05,2,17.93,0
1,2,5.9,40.06,99.28,2,21.46,1
0,3,5.2,36.51,128.1,2,18.41,1
0,2,3.2,38.29,96.88,2,9.89,0
1,3,14.1,38.77,99.04,0,16.57,0
1,0,9.3,37.66,186.78,0,30.54,1
1,1,11.5,37.41,173.42,0,20.06,1
0,3,7.0,36.41,56.34,1,16.13,1
0,2,6.3,38.44,116.57,0,20.78,0
0,0,12.1,38.33,90.41,3,8.81,0
1,2,7.6,38.87,67.13,3,10.54,0
1,0,12.2,36.48,100.07,0,23.91,1
1,1,5.3,38.7,171.83,1,19.04,1
0,0,7.8,38.24,88.77,1,15.55,0
1,1,13.3,38.83,134.24,0,21.32,0
1,2,12.3,38.42,127.39,0,26.78,0
1,3,4.2,38.3,184.35,1,26.26,1
1,3,13.8,38.21,34.98,1,18.6,1
1,0,6.4,38.24,71.31,2,19.02,0
0,2,6.6,37.97,74.46,0,34.77,0
1,3,14.3,38.92,83.65,1,21.48,0
1,1,5.3,37.47,138.74,0,14.53,0
1,0,4.5,38.55,74.8,1,12.78,0
0,3,13.8,38.95,72.98,0,5.6,0
0,3,1.1,38.83,83.56,2,29.83,0
0,0,13.5,36.47,118.83,0,18.81,1
0,3,4.3,38.33,90.22,0,21.07,0
0,0,11.3,38.85,96.71,0,17.3,0
1,0,11.7,37.93,70.48,2,9.36,0
0,1,3.9,37.83,85.55,2,24.71,0
0,2,0.5,38.34,59.41,3,22.09,1
0,1,12.3,38.34,87.68,0,28.37,0
1,2,9.6,37.99,82.86,1,34.31,0
1,0,7.4,39.79,114.21,0,20.52,1
0,2,12.1,38.84,124.32,0,5.6,0
1,2,9.4,39.74,78.88,1,16.95,1
1,3,5.9,38.21,146.3,3,9.1,1
1,0,7.6,39.04,154.33,2,25.32,1
1,3,11.9,40.02,77.08,0,16.53,1
0,3,12.2,38.44,107.32,2,6.51,0
0,1,3.7,38.91,108.05,0,20.44,0
0,2,11.3,38.55,129.66,2,21.13,0
1,0,8.5,38.35,167.2,2,13.0,1
0,3,12.8,37.79,80.26,0,21.2,0
1,3,10.9,38.79,95.96,1,15.76,0
1,3,1.3,38.75,186.64,1,29.97,1
0,3,9.6,39.2,69.15,1,15.8,0
1,2,14.4,38.45,106.32,1,26.91,0
1,3,13.1,38.15,113.78,0,14.74,0
0,2,10.8,36.81,91.36,1,22.48,1
0,0,4.9,38.31,103.98,0,13.73,0
1,3,12.7,38.62,94.7,0,25.71,0
1,0,10.6,38.2,57.16,1,28.16,1
1,3,8.9,38.67,110.47,0,23.22,0
1,0,7.8,38.82,146.32,0,18.96,1
1,1,10.1,38.35,95.51,1,10.01,0
1,3,14.4,36.2,138.21,1,22.41,1
1,2,6.8,36.21,119.13,0,8.16,1
1,2,12.5,38.55,116.48,0,11.26,0
1,1,2.2,38.83,97.04,1,29.68,0
1,0,8.0,40.64,78.6,0,20.06,1
1,3,3.0,40.25,88.68,2,22.29,1
0,2,5.0,38.63,78.78,2,6.82,0
1,2,9.6,38.54,68.37,2,17.5,0
0,0,11.9,40.67,64.13,1,21.96,1
0,0,7.9,38.85,113.68,0,23.87,0
1,1,9.7,38.51,73.84,1,23.98,0
1,0,14.6,40.21,70.92,2,21.91,1
1,2,10.5,38.95,112.99,3,19.15,0
1,1,6.2,38.23,104.8,0,34.24,0
1,2,2.6,38.32,190.45,3,10.28,1
0,1,12.4,40.61,107.41,0,26.29,1
1,0,0.5,38.06,174.78,1,14.94,1
0,2,5.1,38.84,90.7,2,12.43,0
1,1,3.3,38.67,75.63,0,22.5,0
1,1,12.6,36.59,95.69,0,22.57,1
1,0,5.3,37.68,102.84,0,19.93,0
1,2,10.1,38.49,65.64,1,18.23,0
0,0,2.8,37.99,55.83,3,26.97,1
0,2,1.6,37.96,95.65,0,15.41,0
0,1,13.5,38.26,93.81,3,24.45,0
0,0,1.2,38.41,99.92,0,16.43,0
1,3,2.9,38.91,96.36,0,23.32,0
1,1,11.0,38.48,87.44,2,18.73,0
0,0,11.7,38.0,83.33,2,22.15,0
1,1,9.7,38.71,75.33,0,10.67,0
0,2,4.9,38.03,101.4,3,28.57,0
1,3,5.5,38.22,49.57,0,19.01,1
1,1,2.8,40.73,118.47,0,16.37,1
1,1,10.6,38.95,91.4,2,25.03,0
0,1,8.0,38.52,88.31,0,21.23,0
1,1,7.7,38.3,127.32,0,20.64,0
1,3,4.5,40.46,174.65,1,16.99,1
0,0,6.4,37.67,158.21,2,15.43,1
0,0,9.2,38.26,76.86,1,19.49,0
1,2,8.8,38.35,149.46,1,17.9,1
1,3,1.2,38.27,81.53,0,16.93,0
1,1,3.3,36.94,84.99,2,16.09,1
0,0,12.5,38.5,122.3,0,17.74,0
1,3,3.9,38.43,94.61,2,20.07,0
0,1,7.6,38.29,58.08,0,26.67,1
1,2,9.8,38.71,62.17,2,9.66,0
0,2,11.9,38.4,99.82,0,22.96,0
0,1,8.4,38.6,138.9,2,18.3,0
1,1,13.9,38.88,60.33,0,23.38,0
1,2,9.3,38.35,57.16,0,11.16,1
0,2,1.4,40.71,86.94,0,23.98,1
0,2,8.8,38.23,114.21,3,24.73,0
0,2,13.7,36.05,108.99,2,17.36,1
1,2,6.3,38.6,197.27,2,13.29,1
0,1,2.6,38.16,111.6,0,16.44,0
0,1,12.1,40.73,73.5,1,15.57,1
0,3,1.6,38.08,76.34,1,18.96,0
1,1,2.0,38.67,97.66,1,14.04,0
0,1,5.3,38.71,52.12,1,19.49,1
1,2,11.5,36.75,96.07,3,20.96,1
1,2,12.8,36.94,68.65,2,16.31,1
1,0,13.4,38.3,92.59,0,19.84,0
0,2,3.1,37.92,103.67,2,34.12,0
0,2,11.2,39.21,71.11,2,14.72,0
0,2,5.4,38.44,70.22,0,23.35,0
0,1,3.4,38.45,157.15,0,22.27,1
0,1,9.0,37.67,78.43,0,12.13,0
1,3,5.9,37.47,92.24,3,9.75,0
1,2,3.4,38.07,71.13,1,17.89,0
1,1,7.7,38.88,127.28,0,23.94,0
1,3,3.1,38.99,73.74,0,19.29,0
1,0,1.1,38.72,90.47,2,14.43,0
0,3,5.4,38.8,119.58,2,27.67,0
1,2,10.5,38.84,69.43,1,8.65,0
0,2,14.5,39.66,60.8,0,18.98,1
0,0,12.7,37.81,57.2,0,16.63,1
1,0,11.1,38.79,98.3,1,15.83,0
1,3,14.5,38.43,82.58,0,7.28,0
1,1,4.6,38.44,65.42,1,12.15,0
0,3,2.9,37.31,107.37,1,23.65,0
1,1,7.5,38.3,79.91,0,13.24,0
0,3,5.2,38.08,126.0,2,14.87,0
1,2,10.1,38.51,111.41,1,25.66,0
1,0,13.1,38.65,83.87,1,33.65,0
1,3,11.7,40.32,127.04,1,15.88,1
1,2,3.1,39.77,67.22,1,12.83,1
1,0,3.7,39.8,81.71,0,20.78,1
1,2,8.7,38.4,55.54,0,31.12,1
1,3,9.6,37.83,165.97,0,9.88,1
1,1,5.4,38.4,68.1,0,18.77,0
0,3,2.3,38.82,94.95,0,6.69,0
0,1,12.6,37.69,84.54,0,11.2,0
1,3,8.6,38.53,110.67,2,32.05,0
0,2,12.7,38.87,99.05,0,11.13,0
1,2,11.5,38.53,122.56,2,20.49,0
1,1,13.8,38.11,30.81,1,13.3,1
0,3,0.6,38.96,94.47,3,19.61,0
0,3,0.6,38.37,82.36,2,8.9,0
1,2,1.8,38.42,100.56,0,23.2,0
0,1,8.7,38.08,175.57,0,20.29,1
0,1,13.1,38.21,83.0,2,5.32,0
0,2,13.7,39.08,81.06,1,14.14,0
1,2,8.1,38.87,65.98,0,21.09,0
1,2,5.3,40.03,108.31,2,26.53,1
1,3,13.1,38.77,140.66,2,21.73,1
1,1,11.4,38.33,83.25,0,20.05,0
0,3,10.8,38.44,106.21,0,15.61,0
1,0,11.8,36.57,110.4,2,19.9,1
0,2,7.1,38.39,63.05,3,31.4,0
0,2,9.3,38.91,110.07,0,21.41,0
1,3,12.6,38.87,81.89,1,25.16,0
0,2,4.1,37.72,87.04,1,13.67,0
1,2,14.6,38.06,71.15,0,24.88,0
1,1,8.2,38.99,97.65,1,5.32,0
1,1,14.4,38.42,100.87,1,24.78,0
0,2,11.5,38.18,80.64,2,18.48,0
0,2,11.4,37.88,108.21,2,16.67,0
0,0,12.6,38.47,123.09,0,19.29,0
0,2,3.5,37.74,141.25,1,13.33,1
0,3,7.3,38.58,82.48,1,18.59,0
0,1,4.9,38.43,140.63,0,16.22,1
1,1,7.9,38.28,57.21,0,19.36,1
0,3,0.9,38.36,122.25,2,11.83,0
1,0,12.7,37.86,137.62,2,19.8,0
0,0,4.2,39.67,80.03,0,22.71,1
1,3,11.8,40.04,96.58,3,30.69,1
0,0,10.6,38.86,83.43,0,20.95,0
0,1,13.0,38.2,83.38,1,29.29,0
0,3,6.2,38.59,84.9,1,15.11,0
0,3,14.9,38.65,59.29,0,20.65,1
1,2,12.6,38.63,71.76,1,15.65,0
0,3,10.1,38.57,84.15,1,17.1,0
0,1,2.8,37.61,103.71,0,22.68,0
0,3,1.9,37.41,96.86,1,12.97,0
0,2,14.0,37.76,108.23,0,22.51,0
1,0,5.8,38.08,101.06,1,30.45,0
1,1,5.2,40.47,116.5,3,12.64,1
0,2,3.9,38.64,89.09,2,25.22,0
1,3,2.0,38.14,103.01,0,15.0,0
0,2,4.0,38.28,95.51,1,18.77,0
0,0,9.6,38.5,81.4,0,17.67,0
1,1,7.9,38.39,87.07,2,22.32,0
0,0,2.5,37.81,73.23,2,17.74,0
0,2,8.8,39.25,166.43,2,16.51,1
0,0,1.5,38.34,47.56,1,18.19,1
1,0,1.2,37.74,106.39,0,26.59,0
1,3,10.6,38.82,148.07,0,11.9,1
0,0,8.6,38.8,99.85,2,9.76,0
1,2,7.0,38.59,93.82,0,16.28,0
1,0,8.3,37.49,122.7,1,19.17,0
1,0,13.5,38.44,169.56,0,18.45,1
1,1,11.6,38.49,120.65,2,8.31,0
0,0,5.0,38.79,194.81,0,8.9,1
0,1,15.0,38.53,52.14,0,13.81,1
0,1,9.8,38.76,78.91,0,26.96,0
1,2,13.1,38.17,115.28,2,21.93,0
1,3,8.5,38.32,31.56,1,21.67,1
1,2,6.9,38.3,85.39,0,9.73,0
0,3,7.0,38.29,140.42,1,20.41,1
0,2,5.9,39.81,84.08,0,13.34,1
0,3,8.9,37.96,66.79,0,21.76,0
1,0,9.6,38.95,95.47,1,23.73,0
1,3,9.3,39.64,71.01,0,20.32,1
1,0,1.2,38.22,161.38,0,15.84,1
1,2,7.7,38.68,32.25,0,20.44,1
1,1,14.6,38.22,93.77,0,25.27,0
1,0,13.6,38.62,78.25,1,20.13,0
1,1,3.5,38.2,116.1,1,16.3,0
0,0,6.4,39.01,86.21,0,15.62,0
0,3,14.2,38.22,146.18,2,21.26,1
1,2,5.7,38.27,68.47,0,12.68,0
0,1,3.4,38.81,65.86,0,24.27,0
0,2,7.1,39.37,70.11,2,11.42,0
0,2,12.6,37.64,188.64,0,21.03,1
1,0,1.1,39.21,109.14,0,23.3,0
0,3,12.9,37.88,41.11,2,18.42,1
0,0,10.6,38.4,115.84,0,15.87,0
0,1,5.3,38.51,116.4,0,27.64,0
1,1,4.2,38.19,84.48,0,16.38,0
1,3,14.2,37.82,56.09,1,12.48,1
0,0,11.7,36.51,95.57,3,13.81,1
1,3,14.3,36.53,66.83,0,14.62,1
0,3,9.3,38.78,56.88,3,9.31,1
1,2,5.2,38.44,88.04,0,17.45,0
1,0,14.3,38.39,74.4,0,11.78,0
1,1,6.7,39.12,51.88,1,7.6,1
1,3,10.1,38.73,94.78,0,23.56,0
0,0,9.7,37.71,107.87,3,29.7,0
0,2,10.5,38.42,65.42,0,10.29,0
1,2,6.2,38.69,167.77,0,20.34,1
0,3,10.0,38.91,110.32,0,15.79,0
0,1,14.0,37.68,89.81,0,17.22,0
1,3,11.3,38.69,40.53,1,19.16,1
0,0,11.0,38.61,71.48,0,10.37,0
1,2,3.0,40.99,87.49,2,16.16,1
1,2,4.0,38.75,59.91,1,19.31,1
1,3,7.7,37.87,82.33,1,21.28,0
1,2,7.7,38.41,32.64,1,10.01,1
0,0,12.0,38.98,74.18,0,18.24,0
1,0,0.9,36.91,98.86,1,27.77,1
0,1,7.4,38.4,66.78,2,15.49,0
0,1,3.4,37.5,47.28,2,28.62,1
0,0,1.4,39.0,121.33,1,13.86,0
0,1,0.9,37.99,63.06,2,22.71,0
0,2,14.8,40.33,119.55,1,20.82,1
1,1,0.9,39.15,103.0,0,17.07,0
1,0,10.9,37.53,112.56,1,23.13,0
1,3,13.4,38.02,85.8,2,15.76,0
1,1,10.7,38.95,54.45,2,8.51,1
0,0,5.0,37.76,108.67,0,20.3,0
1,2,8.1,38.45,89.45,3,15.33,0
0,1,9.6,38.81,120.1,0,11.47,0
1,3,1.9,37.97,70.3,1,16.53,0
1,2,14.6,36.88,126.97,0,22.02,1
1,0,5.9,37.6,115.0,0,18.53,0
1,2,14.1,38.31,73.43,1,28.01,0
0,2,13.2,38.0,44.04,1,25.66,1
1,1,12.7,39.79,115.86,0,21.99,1
0,3,11.6,37.58,65.06,1,19.66,0
0,1,12.3,37.92,75.58,0,13.66,0
0,1,2.8,38.06,111.5,1,27.82,0
1,1,8.9,38.03,96.65,2,11.09,0
1,2,0.9,37.7,74.03,0,18.63,0
0,2,13.6,37.55,109.52,1,20.08,0
0,2,6.8,38.25,95.93,3,19.47,0
1,3,1.3,38.57,88.12,2,33.4,0
0,2,1.1,38.59,72.84,3,23.82,0
0,3,8.2,38.78,73.39,0,16.97,0
0,2,12.5,40.54,90.25,2,32.73,1
0,1,8.5,37.73,98.34,3,25.91,0
1,2,12.6,38.49,79.19,0,13.24,0
1,0,1.5,38.12,137.52,0,14.5,0
1,0,4.6,37.97,97.81,1,23.23,0
1,1,11.2,38.6,84.75,1,21.89,0
1,2,13.4,38.74,82.36,1,15.76,0
1,1,11.6,38.76,120.22,0,18.05,0
1,3,7.6,38.2,40.12,1,14.36,1
1,0,0.9,38.91,136.35,3,12.81,0
0,1,6.6,39.65,74.48,3,18.56,1
1,1,2.6,39.63,160.97,1,17.82,1
1,0,6.7,38.1,71.96,1,23.8,0
1,0,10.5,37.38,129.68,0,22.98,0
0,1,2.5,38.78,54.45,0,15.84,1
1,2,9.7,38.79,100.16,0,17.11,0
1,2,4.2,38.77,136.41,0,14.18,0
0,0,13.2,38.45,79.77,0,21.02,0
1,0,10.3,39.36,80.56,2,12.49,0
1,0,10.7,38.85,119.61,3,16.02,0
0,1,6.1,38.88,86.7,0,9.03,0
0,1,13.0,38.21,112.14,0,17.2,0
1,3,14.8,38.79,175.19,0,6.07,1
1,1,5.4,36.6,92.94,0,21.04,1
0,1,6.4,38.88,146.07,3,24.23,1
0,1,1.2,37.96,91.66,0,20.86,0
0,2,10.3,37.9,102.34,2,19.27,0
0,2,10.8,39.13,121.15,1,13.2,0
1,0,14.4,38.13,94.62,1,19.25,0
1,3,13.3,37.22,155.93,3,21.44,1
1,1,7.0,38.06,91.45,3,18.11,0
0,3,2.3,38.75,95.77,0,19.87,0
0,1,0.9,38.78,105.39,1,14.1,0
1,1,1.0,38.93,134.13,0,19.45,0
0,1,7.7,38.29,72.18,1,17.77,0
1,0,9.9,37.61,97.75,2,17.46,0
0,3,5.9,39.22,80.15,2,26.85,0
0,3,5.2,38.01,155.94,1,16.9,1
1,0,7.7,38.61,108.66,1,16.67,0
0,1,0.6,38.4,63.29,2,20.97,0
1,3,12.4,38.61,103.25,3,21.61,0
0,0,13.4,38.34,57.29,3,24.09,1
0,0,13.1,37.35,133.29,0,24.38,0
1,3,3.3,38.0,70.21,3,12.82,0
1,3,5.0,38.16,106.67,2,21.31,0
1,3,9.2,36.83,114.32,0,23.83,1
1,0,13.2,36.09,79.92,0,15.25,1
1,0,11.1,40.06,87.25,0,28.47,1
1,2,2.3,39.03,32.06,0,15.94,1
0,1,1.6,38.88,100.2,0,19.36,0
1,1,2.1,38.84,70.85,1,13.81,0
0,3,6.5,38.66,80.83,0,12.09,0
1,3,9.2,38.09,81.74,1,29.04,0
1,1,3.3,39.93,119.32,0,21.12,1
0,1,1.5,39.25,114.18,2,15.26,0
1,0,13.1,38.37,93.69,0,12.0,0
1,2,1.6,40.66,84.64,1,26.8,1
0,3,7.1,38.38,84.82,2,27.36,0
1,1,14.1,40.58,117.69,0,17.28,1
0,1,7.3,38.39,98.22,1,27.07,0
1,2,14.7,38.62,87.04,0,17.87,0
1,3,12.5,37.94,93.13,3,18.62,0
1,0,3.0,39.73,90.04,0,18.73,1
0,3,1.3,37.59,118.2,0,12.62,0
0,1,4.4,38.67,97.56,0,15.31,0
1,1,8.8,37.31,54.78,0,14.41,1
1,3,2.3,39.37,73.63,0,19.49,0
1,2,5.9,36.38,92.71,1,20.77,1
1,2,1.6,38.42,127.23,1,20.3,0
0,0,8.4,40.36,87.65,3,31.24,1
0,0,2.3,38.6,91.17,1,13.91,0
1,2,1.5,38.57,83.98,0,33.31,0
1,1,6.1,38.17,83.61,0,11.8,0
1,2,3.7,40.84,82.96,1,13.73,1
0,2,12.3,38.61,74.51,0,20.11,0
0,0,9.4,38.04,73.84,0,15.74,0
0,0,8.6,39.18,75.29,0,18.0,0
1,0,8.4,38.64,85.36,3,22.99,0
0,3,12.5,40.97,58.14,0,8.99,1
1,2,7.9,38.84,81.58,0,29.38,0
0,1,7.2,36.28,75.95,1,10.13,1
1,1,10.2,38.48,54.06,1,8.53,1
1,1,9.1,37.92,86.08,1,16.9,0
0,3,3.9,38.84,112.0,3,22.01,0
0,0,9.2,37.91,63.86,0,26.94,0
0,3,13.2,36.37,116.06,3,21.93,1
1,3,3.9,38.41,159.92,0,16.61,1
0,2,2.6,38.11,96.52,2,31.52,0
0,3,5.2,38.13,76.46,1,22.82,0
0,1,5.6,38.3,153.45,3,26.75,1
0,2,9.4,38.36,110.68,0,20.41,0
1,1,12.4,38.65,35.43,1,13.58,1
1,0,11.3,38.55,42.44,0,18.16,1
0,2,10.9,38.31,121.83,0,16.73,0
0,3,5.6,38.35,108.19,0,5.89,0
1,1,5.6,39.11,100.45,2,15.85,0
0,2,12.9,38.59,172.18,1,24.12,1
0,2,6.1,38.15,46.02,2,20.43,1
1,2,3.8,38.58,77.62,0,18.48,0
0,2,0.6,39.15,98.39,1,32.92,0
1,1,10.7,37.86,77.93,2,14.59,0
0,2,14.7,38.26,123.01,2,21.32,0
0,3,14.1,39.04,80.96,0,9.7,0
1,3,11.0,39.22,98.89,0,20.98,0
0,1,1.4,40.28,65.11,3,17.41,1
1,1,7.7,38.74,57.94,1,18.87,1
0,3,6.3,38.67,88.96,0,19.82,0
1,0,14.6,38.38,194.91,2,18.98,1
1,3,13.4,38.51,112.49,2,13.7,0
1,2,6.4,38.62,115.08,3,22.03,0
1,1,9.6,37.92,61.1,3,23.69,0
1,1,14.0,38.2,138.25,1,14.87,0
0,1,8.0,38.39,122.77,0,12.88,0
0,0,12.9,38.89,99.73,2,8.68,0
0,0,4.0,39.83,97.09,3,11.13,1
0,1,14.0,40.47,64.25,2,18.52,1
1,3,3.5,36.7,174.47,2,12.32,1
1,2,8.9,38.78,102.94,1,20.13,0
0,0,14.8,38.0,116.87,0,27.85,0
1,2,13.2,38.67,68.06,3,21.04,0
1,2,14.7,38.83,43.25,2,20.24,1
1,1,10.0,37.73,89.78,0,17.47,0
1,3,12.7,38.88,57.67,3,19.46,1
1,3,11.0,37.61,100.18,0,20.65,0
0,2,1.7,38.33,113.9,1,16.98,0
1,2,10.5,40.22,89.38,0,10.05,1
1,1,3.5,38.95,85.41,2,29.43,0
1,1,9.5,38.66,99.46,0,17.97,0
1,2,12.4,37.83,127.04,1,14.74,0
1,1,11.2,38.89,90.9,0,12.45,0
0,0,11.5,38.1,158.02,2,17.71,1
1,0,3.9,38.62,114.26,2,24.35,0
1,3,11.0,37.63,90.31,2,20.72,0
0,1,6.6,38.38,61.53,0,34.24,0
1,2,4.9,39.99,68.06,1,20.45,1
0,3,10.2,39.01,114.43,0,29.26,0
1,2,5.2,38.44,150.22,0,10.33,1
0,1,8.0,38.04,116.79,0,12.52,0
0,2,6.7,38.3,100.73,0,23.52,0
0,2,10.8,39.22,129.48,1,23.93,0
0,1,4.3,38.25,96.55,1,21.08,0
0,0,7.6,38.6,32.83,2,17.64,1
0,1,10.8,36.21,66.08,0,9.85,1
0,3,8.6,38.8,83.42,2,17.49,0
0,0,9.3,38.82,135.52,1,18.17,0
1,2,4.7,38.38,125.03,1,19.25,0
1,2,2.5,40.49,115.37,0,20.74,1
0,0,4.6,39.76,193.18,1,34.7,1
1,0,0.6,37.99,86.98,0,15.32,0
1,3,2.8,38.87,114.9,0,16.26,0
0,0,13.5,38.45,86.28,1,17.41,0
0,1,12.8,38.86,120.2,0,29.13,0
1,2,7.8,38.34,94.41,2,5.44,0
1,0,5.0,37.76,82.84,1,18.29,0
0,2,6.1,40.35,61.12,1,13.25,1
1,1,1.1,38.38,123.02,1,25.12,0
1,0,9.8,37.89,89.51,1,15.73,0
1,2,5.5,38.53,128.93,2,28.03,0
1,1,2.3,39.11,158.28,2,17.9,1
0,3,6.4,38.07,169.54,1,10.86,1
0,2,11.8,37.91,78.52,1,14.48,0
1,1,1.0,38.67,68.44,1,21.54,0
0,3,9.3,38.4,70.73,3,19.68,0
0,0,7.4,38.58,81.86,2,22.71,0
1,1,2.8,38.51,46.62,0,14.35,1
1,2,15.0,39.03,134.51,1,14.89,0
0,1,8.2,37.69,124.1,2,21.72,0
0,0,12.1,36.63,105.07,2,20.58,1
0,1,13.3,38.14,55.57,0,16.7,1
0,3,1.2,38.03,94.54,2,22.27,0
0,2,9.9,38.83,57.24,1,9.64,1
0,1,6.6,38.39,97.64,1,21.24,0
0,0,4.4,37.16,153.66,0,20.48,1
1,1,2.6,37.91,52.53,1,21.17,1
0,0,3.7,37.63,93.95,1,17.44,0
0,1,12.4,39.96,159.29,2,13.25,1
1,2,7.2,39.61,56.48,2,20.81,1
1,0,1.4,39.05,113.69,0,11.26,0
0,1,6.7,36.25,106.54,2,26.69,1
0,1,1.7,38.11,107.21,3,23.67,0
0,2,6.6,38.18,82.54,3,22.95,0
1,2,7.7,38.87,98.51,0,16.26,0
0,0,7.9,38.64,107.36,1,17.58,0
0,0,11.0,38.06,92.37,2,17.63,0
1,2,5.8,37.83,70.19,1,18.38,0
0,0,8.1,40.29,175.49,1,14.48,1
1,0,7.7,40.76,115.49,0,20.49,1
0,2,3.6,39.77,58.88,0,15.79,1
0,3,13.8,37.78,113.47,1,21.72,0
0,3,1.3,36.1,97.57,1,14.25,1
1,0,10.6,38.07,80.97,2,22.63,0
1,2,4.3,38.5,113.35,1,15.97,0
1,2,8.8,38.44,61.76,1,27.72,0
0,3,13.9,38.34,106.39,2,21.83,0
0,2,3.6,38.37,70.54,2,20.58,0
0,2,2.1,38.87,100.44,0,12.16,0
0,2,8.7,38.59,51.2,0,15.07,1
0,1,3.2,36.8,104.64,2,21.6,1
0,2,7.8,40.08,55.93,0,17.29,1
0,2,14.5,38.54,106.02,0,21.48,0
1,0,9.7,38.74,40.65,1,22.19,1
1,0,14.1,38.22,63.55,2,9.78,0
0,1,10.9,37.73,95.86,3,23.78,0
0,2,6.0,38.09,100.75,1,14.5,0
0,2,3.3,38.35,90.1,3,17.95,0
1,3,11.3,38.92,78.25,3,17.68,0
1,1,8.8,38.32,61.12,1,15.69,0
0,2,1.8,38.76,89.84,1,21.81,0
1,3,9.2,36.18,63.7,3,20.22,1
0,2,10.3,38.52,111.39,0,10.03,0
1,1,1.8,38.25,130.36,1,18.68,0
1,2,11.2,37.85,81.14,1,30.46,0
0,0,13.0,37.52,77.89,2,24.35,0
1,2,5.9,39.12,95.92,0,9.72,0
1,3,5.3,39.19,149.5,0,19.64,1
0,0,7.5,37.78,113.84,1,15.83,0
1,0,7.3,38.21,57.51,1,27.78,1
0,2,7.4,38.2,66.1,2,23.65,0
1,2,6.2,38.51,62.37,0,15.35,0
1,1,10.9,38.79,100.74,1,19.44,0
1,1,2.1,39.09,181.11,0,6.15,1
0,1,3.9,38.93,96.6,2,29.39,0
0,1,10.5,38.39,113.17,0,17.14,0
1,3,2.4,38.58,118.45,0,20.76,0
0,2,4.2,39.07,87.01,0,23.64,0
1,0,11.1,37.98,146.69,1,9.82,1
0,1,6.7,38.99,91.65,1,24.44,0
1,1,10.4,39.13,83.18,1,16.2,0
1,2,4.4,36.24,84.98,0,11.32,1
1,3,13.2,38.98,106.62,3,9.06,0
0,1,14.3,38.43,55.02,2,13.57,1
1,0,7.6,38.81,108.28,1,35.02,0
0,2,11.5,38.55,90.26,2,30.22,0
0,1,9.0,38.48,117.58,0,14.68,0
0,0,8.8,39.91,82.77,0,18.96,1
1,1,8.8,38.78,95.82,1,15.48,0
1,3,12.0,36.84,101.08,0,25.42,1
1,2,0.9,40.99,70.25,0,19.65,1
1,0,13.1,38.34,82.93,1,12.83,0
1,0,7.6,38.41,66.23,0,24.4,0
0,1,12.9,38.4,84.43,0,19.06,0
1,2,8.4,38.06,122.4,1,17.32,0
0,0,4.3,38.29,111.48,0,22.52,0
1,2,4.7,38.79,88.64,1,9.28,0
0,2,2.0,38.11,116.18,1,16.03,0
1,1,10.3,38.05,103.01,0,17.24,0
1,1,9.2,38.64,101.09,1,20.89,0
1,0,2.4,37.99,81.01,2,14.88,0
0,2,12.6,37.89,115.37,1,15.32,0
0,0,12.9,38.86,107.86,0,10.83,0
1,3,1.7,38.23,92.83,0,24.53,0
1,0,1.2,38.37,58.82,2,29.35,1
0,3,6.6,38.08,177.76,2,15.6,1
0,2,8.3,38.22,85.08,0,19.08,0
1,1,8.6,38.56,109.0,1,23.05,0
0,1,7.8,38.76,109.02,1,11.95,0
0,2,10.3,37.87,83.69,0,16.69,0
0,3,3.4,39.96,137.33,0,7.43,1
1,2,8.2,40.84,72.53,0,28.55,1
0,2,6.1,38.46,117.57,0,14.8,0
0,3,1.3,40.01,100.11,2,23.91,1
1,0,13.9,37.85,84.04,2,17.05,0
0,0,11.4,38.75,47.35,1,16.24,1
1,1,5.9,36.28,106.32,1,18.44,1
0,2,9.6,40.25,58.94,2,17.4,1
0,0,8.9,38.7,53.71,2,17.25,1
1,2,8.0,39.99,55.99,3,15.06,1
0,1,13.4,38.31,114.97,1,18.02,0
1,3,8.9,38.73,98.26,0,30.7,0
0,1,6.4,38.28,184.32,2,18.66,1
1,1,7.1,38.57,88.07,0,12.98,0
1,2,11.3,37.99,110.56,2,22.14,0
1,0,5.2,38.75,97.36,0,20.58,0
1,0,13.7,37.67,85.91,0,22.25,0
1,2,3.9,38.88,50.5,3,22.06,1
1,0,14.3,38.9,178.38,0,13.61,1
0,2,13.4,38.99,126.3,3,15.58,0
0,0,8.0,36.69,139.39,0,22.73,1
1,3,9.0,38.98,113.98,1,12.77,0
1,1,5.5,38.1,85.77,0,29.56,0
1,0,11.0,38.91,104.32,1,22.0,0
0,3,9.9,38.62,97.56,0,16.24,0
1,3,14.8,38.96,123.64,0,29.04,0
1,2,13.7,37.7,88.31,3,22.46,0
0,2,0.6,39.98,192.63,1,10.86,1
1,1,4.3,38.72,66.91,0,14.26,0
0,2,5.7,38.62,84.54,1,12.54,0
0,0,13.7,38.82,68.9,2,27.14,0
1,0,13.9,38.22,59.13,0,17.55,1
0,2,9.7,40.86,100.14,0,19.22,1
1,0,11.7,40.42,89.63,0,18.0,1
1,1,8.5,38.41,87.91,1,17.99,0
1,1,12.9,37.43,88.3,2,24.91,0
1,2,7.9,36.74,61.34,3,25.53,1
0,0,11.4,39.11,169.65,3,17.86,1
0,0,10.3,40.73,107.66,0,25.26,1
1,1,14.9,39.17,55.51,3,21.46,1
0,3,10.1,38.02,86.86,0,20.15,0
0,2,7.5,38.67,104.64,1,12.87,0
0,1,11.3,38.25,54.57,3,16.34,1
0,3,2.8,38.34,99.26,2,23.84,0
0,2,8.8,36.23,117.43,3,12.37,1
0,1,10.5,38.17,95.94,0,10.14,0
0,1,12.7,38.87,70.31,2,11.53,0
1,1,7.8,38.7,86.96,1,8.57,0
0,3,12.0,38.54,79.56,0,22.36,0
1,2,0.7,38.03,128.25,0,14.39,0
1,1,4.2,37.72,70.38,0,18.85,0
0,2,8.6,38.87,118.59,2,22.97,0
1,2,14.2,38.68,103.57,0,13.14,0
0,3,8.6,37.69,135.05,1,17.19,0
1,3,12.7,37.99,73.64,1,21.79,0
0,2,5.1,37.8,95.47,0,20.23,0
0,2,3.6,37.65,70.69,2,25.92,0
0,3,13.1,38.37,61.7,0,19.46,0
0,3,10.1,39.12,99.59,0,16.13,0
1,3,14.4,38.8,107.79,3,17.46,0
0,0,0.6,38.1,82.88,1,21.07,0
1,2,3.8,38.63,110.52,0,13.22,0
1,0,1.1,38.56,108.51,0,13.89,0
1,2,1.5,37.98,88.34,1,17.08,0
0,3,8.5,39.0,102.56,0,19.22,0
0,0,13.6,38.32,35.13,0,26.58,1
1,0,1.3,36.43,74.51,0,10.4,1
1,1,6.1,38.36,67.33,0,32.51,0
0,2,12.2,38.15,120.27,1,24.08,0
0,0,1.9,38.95,98.7,3,21.63,0
0,3,11.4,40.24,56.3,0,18.72,1
0,3,4.3,38.46,78.24,2,21.91,0
1,1,7.1,40.35,86.16,3,21.98,1
1,0,2.6,38.74,84.68,3,12.62,0
0,0,12.2,38.52,91.72,2,17.45,0
0,1,2.3,38.8,94.97,3,17.66,0
0,3,0.5,38.01,119.89,3,23.02,0
0,3,1.4,36.32,70.4,3,16.95,1
0,3,1.7,38.42,88.85,1,18.27,0
0,3,3.4,38.17,73.94,0,20.67,0
0,3,4.6,38.88,121.96,0,25.36,0
1,0,0.7,38.64,75.14,0,25.14,0
0,1,5.8,38.38,64.35,1,26.11,0
1,2,0.8,39.92,111.54,2,5.01,1
1,3,3.0,38.12,83.7,1,27.5,0
1,0,6.8,39.01,148.68,2,28.51,1
1,0,12.3,38.9,134.36,0,27.68,0
1,1,8.9,37.9,111.56,0,16.57,0
0,2,7.3,38.7,66.59,0,31.05,0
0,2,7.6,38.14,82.31,0,14.6,0
1,0,7.5,38.52,103.21,0,16.47,0
1,3,7.7,38.55,101.07,0,19.77,0
1,2,12.4,38.2,75.82,1,17.83,0
0,3,7.5,37.45,83.0,1,17.77,0
1,3,14.7,38.98,44.16,0,24.47,1
0,3,1.5,40.51,62.67,0,18.66,1
0,0,5.6,39.91,174.89,0,18.95,1
1,3,2.3,39.72,112.79,0,15.3,1
0,3,9.7,38.27,106.06,0,16.5,0
1,3,8.4,38.38,54.86,2,25.26,1
1,0,2.6,38.01,87.19,2,18.71,0
1,0,10.8,38.69,112.04,0,23.39,0
0,2,6.1,38.69,90.21,1,15.29,0
1,1,14.3,38.87,84.14,2,19.64,0
0,1,6.9,38.59,114.49,0,16.09,0
0,2,0.7,36.92,89.93,2,9.23,1
0,2,5.6,38.62,93.76,0,16.78,0
1,0,6.7,38.7,37.25,0,19.5,1
1,0,13.5,38.5,110.28,1,8.9,0
0,1,10.1,38.67,90.28,0,23.86,0
1,0,2.5,37.61,133.8,3,21.02,0
1,1,0.9,38.91,112.59,2,18.02,0
0,2,9.4,38.11,71.87,1,27.43,0
0,0,11.9,38.9,66.49,0,8.88,0
0,2,3.4,38.91,63.71,0,22.31,0
0,3,13.6,38.79,109.04,0,11.66,0
1,1,3.9,38.68,111.36,0,14.2,0
0,2,9.0,39.01,79.89,1,25.07,0
0,0,12.9,38.95,77.92,0,27.18,0
1,2,4.0,40.64,134.49,1,18.08,1
1,0,12.2,40.66,98.65,1,7.25,1
0,0,1.9,38.92,106.57,0,28.2,0
1,0,1.9,38.75,60.67,3,12.77,0
0,2,11.1,37.89,63.53,0,30.21,0
0,2,0.9,38.82,98.05,3,15.51,0
1,1,7.7,38.03,108.7,3,28.19,0
0,1,14.3,40.35,82.91,1,32.34,1
0,2,4.0,38.65,127.75,3,23.86,0
1,1,8.6,37.9,99.64,0,24.09,0
0,2,13.3,36.11,54.44,1,19.42,1
0,1,10.7,38.85,112.62,2,11.32,0
1,0,2.8,37.95,65.66,2,11.74,0
0,1,1.3,38.57,115.11,0,12.53,0
1,0,10.9,37.97,87.65,0,18.23,0
0,0,2.2,38.85,58.08,3,11.44,1
0,0,5.0,38.66,64.2,0,25.9,0
1,3,11.7,38.44,63.92,1,26.65,0
1,0,12.9,38.23,194.4,0,15.03,1
0,2,12.6,36.32,50.03,0,15.55,1
1,1,14.2,38.93,80.47,0,21.77,0
0,1,6.2,38.0,154.35,0,16.53,1
0,1,10.9,38.78,70.5,2,34.15,0
0,2,9.5,38.12,168.35,3,26.79,1
1,1,7.5,38.39,56.56,1,8.42,1
1,3,14.1,38.67,178.41,0,10.27,1
0,2,11.7,39.81,86.02,0,18.66,1
1,3,7.9,38.02,75.48,1,10.38,0
1,0,9.3,38.72,32.59,1,12.35,1
1,3,8.2,39.59,70.93,0,34.16,1
1,3,0.6,38.51,186.24,0,21.91,1
1,0,8.5,38.21,89.97,1,19.02,0
1,2,6.7,40.3,87.18,1,10.97,1
1,2,7.4,38.22,90.07,1,21.72,0
1,3,4.2,37.94,72.07,0,13.43,0
1,0,11.4,38.64,94.48,0,20.83,0
1,3,1.9,37.25,159.89,3,11.58,1
0,0,2.0,37.76,112.91,0,17.33,0
0,0,12.0,38.85,128.44,0,19.94,0
1,3,7.6,36.08,71.29,1,11.66,1
1,2,5.1,38.73,145.23,1,20.32,1
1,0,5.5,38.19,62.76,2,13.9,0
1,2,5.2,38.4,53.94,1,26.59,1
1,2,4.7,38.95,103.48,1,13.5,0
1,1,6.0,38.44,187.37,2,22.42,1
0,3,9.2,39.1,67.21,2,13.5,0
0,3,5.2,36.89,105.63,1,17.26,1
0,3,11.3,36.94,76.77,1,21.1,1
0,1,5.4,38.67,97.29,2,22.44,0
0,3,13.7,38.12,53.56,1,26.53,1
0,0,1.3,38.29,108.15,0,7.24,0
1,0,4.0,38.63,83.9,0,9.03,0
0,0,3.7,37.79,44.76,1,18.25,1
1,0,10.3,38.51,94.54,1,15.07,0
1,2,7.7,38.49,82.52,3,16.75,0
1,0,11.0,37.4,67.58,0,25.83,0
1,2,14.6,37.44,35.25,2,14.2,1
1,1,10.7,38.41,115.17,1,10.76,0
1,2,0.8,36.78,100.59,2,20.74,1
1,0,6.9,38.48,50.49,1,9.45,1
1,1,3.3,38.4,66.55,0,21.04,0
1,3,1.4,37.8,69.1,2,18.78,0
0,2,6.0,38.69,142.29,1,13.76,1
1,2,3.4,39.09,108.08,0,15.58,0
0,2,9.7,39.18,60.23,0,25.26,0
0,3,3.9,39.23,107.93,1,23.17,0
1,1,6.1,38.59,96.08,0,26.51,0
0,1,1.0,39.08,154.44,1,12.05,1
1,2,7.1,40.79,102.11,0,19.85,1
1,2,13.6,39.13,191.82,0,14.96,1
1,0,12.7,36.1,95.44,2,19.89,1
1,3,5.7,38.48,127.93,2,16.1,0
1,0,7.4,38.71,62.12,0,18.19,0
0,0,9.2,38.68,53.9,0,10.55,1
0,2,14.3,38.31,83.95,0,19.59,0
0,0,5.4,39.71,71.97,3,13.76,1
0,3,11.3,40.52,143.7,1,17.97,1
1,3,13.7,39.34,179.7,0,19.23,1
1,1,8.1,38.26,87.78,2,12.58,0
0,2,14.8,38.54,36.14,0,19.28,1
1,2,5.3,38.52,89.77,0,16.35,0
0,3,8.6,38.44,85.49,2,20.19,0
0,0,5.0,37.88,174.22,2,14.9,1
0,3,1.0,37.5,59.85,1,15.02,1
1,3,6.6,38.18,129.8,0,17.02,0
1,3,13.5,40.39,184.21,0,29.46,1
0,3,4.3,38.42,60.69,0,12.14,0
0,1,7.8,38.2,61.82,0,20.93,0
1,2,4.8,38.32,92.19,2,24.03,0
1,0,8.9,38.43,84.35,2,22.52,0
1,0,2.4,38.17,78.32,0,14.9,0
1,3,3.8,38.01,115.58,2,17.47,0
1,0,11.0,38.82,59.1,0,5.07,1
1,0,3.4,38.32,88.34,3,15.92,0
0,1,8.8,38.5,50.29,1,10.64,1
0,3,8.0,38.88,82.8,1,12.24,0
1,1,6.4,36.81,77.98,0,20.5,1
1,2,10.4,36.13,186.8,2,19.11,1
0,2,11.5,37.95,124.22,2,26.6,0
1,3,13.4,38.11,116.29,0,25.64,0
0,1,6.8,38.45,165.01,0,21.89,1
1,1,2.9,38.48,189.0,3,15.9,1
1,2,9.8,38.04,117.59,1,8.54,0
0,0,7.3,40.1,107.14,0,22.14,1
0,3,11.0,38.68,91.84,1,8.3,0
1,1,1.4,38.18,92.3,1,26.98,0
0,1,13.6,38.14,106.33,0,15.04,0
1,3,7.9,38.12,120.43,2,15.69,0
1,0,3.5,38.82,136.61,1,23.87,0
0,1,3.2,39.94,94.08,2,14.86,1
1,0,4.1,37.87,85.27,1,14.06,0
0,1,14.2,38.69,87.28,0,20.96,0
1,1,7.6,38.74,114.51,0,17.97,0
1,0,14.0,38.29,84.31,0,16.74,0
1,3,6.2,38.98,79.16,3,18.5,0
0,1,4.2,38.17,101.28,0,32.48,0
1,1,3.6,40.45,69.94,2,18.04,1
0,3,3.1,38.42,68.26,2,28.83,0
1,1,14.3,38.29,139.26,1,26.34,0
1,2,1.0,39.16,69.77,0,21.43,0
0,2,9.3,38.37,97.48,3,18.12,0
0,3,2.0,40.86,61.61,2,16.9,1
1,3,4.3,38.08,62.85,1,30.47,0
1,3,8.3,38.8,80.58,1,13.12,0
1,0,3.9,38.45,50.94,0,21.78,1
1,1,7.4,38.21,120.4,0,17.45,0
1,1,14.0,40.88,93.45,0,22.54,1
0,1,3.9,36.76,106.96,1,17.33,1
0,1,13.5,38.58,98.97,1,22.49,0
0,1,12.1,38.92,118.71,0,34.39,0
0,1,13.4,38.43,70.56,2,11.35,0
1,0,3.8,38.57,36.71,2,24.8,1
0,1,10.6,38.36,67.67,0,18.2,0
1,2,6.7,38.33,59.86,2,22.5,1
1,1,12.9,39.14,72.57,1,8.71,0
0,2,8.2,38.2,124.81,1,20.32,0
0,3,1.1,38.98,75.29,0,20.36,0
0,2,4.8,37.75,106.12,2,28.62,0
0,3,7.3,38.03,69.76,3,24.76,0
0,1,12.3,40.89,181.98,0,20.29,1
0,3,5.9,40.44,114.75,0,18.87,1
0,3,8.8,38.19,115.58,2,13.73,0
0,2,13.8,38.49,65.62,3,34.81,0
1,0,13.9,39.39,69.35,0,21.73,0
1,0,4.0,38.31,96.23,0,23.14,0
1,0,13.6,38.22,54.4,0,21.79,1
1,1,11.4,38.65,94.6,2,11.61,0
0,3,7.4,39.21,85.18,2,16.56,0
1,1,0.7,36.66,81.51,2,22.4,1
0,3,4.4,38.37,69.33,2,28.85,0
1,2,12.1,37.79,104.23,0,25.36,0
0,1,2.8,38.2,87.12,1,22.19,0
0,0,5.9,36.66,105.86,1,18.53,1
0,3,14.0,40.78,79.69,1,23.48,1
0,0,13.5,38.37,80.24,2,13.55,0
0,2,12.3,37.76,94.68,2,21.43,0
1,1,3.0,38.64,66.16,3,22.87,0
1,0,5.4,36.52,74.89,2,20.25,1
1,1,14.3,38.61,107.3,0,11.17,0
1,1,3.5,38.7,158.86,0,14.71,1
0,2,3.8,38.68,69.79,0,24.22,0
0,1,7.8,38.28,87.83,2,18.88,0
0,3,4.7,37.9,92.44,1,17.59,0
1,1,10.6,38.38,79.52,0,21.88,0
1,1,12.5,40.88,111.92,2,14.66,1
0,2,3.2,38.81,131.58,2,26.11,0
1,3,10.7,39.04,31.58,3,8.05,1
1,0,13.1,38.62,56.02,2,23.54,1
0,3,1.2,38.54,86.06,1,15.36,0
0,0,11.6,38.65,116.29,1,17.83,0
0,1,13.0,38.41,137.32,1,12.9,0
0,1,14.4,38.55,128.3,0,21.77,0
1,3,8.8,38.67,180.65,0,20.25,1
1,1,12.7,38.29,69.6,2,15.73,0
1,0,12.5,38.07,79.88,1,24.12,0
0,0,8.7,38.68,94.4,2,21.37,0
1,3,11.1,38.93,80.5,1,28.42,0
0,2,10.4,38.4,85.52,1,22.76,0
1,0,11.1,40.13,84.3,3,22.1,1
1,2,13.1,39.12,99.75,2,24.01,0
0,1,13.3,38.61,87.61,0,14.24,0
1,1,10.3,38.02,80.98,1,14.67,0
1,3,13.3,38.85,49.22,3,15.5,1
0,0,4.0,37.88,61.72,0,16.69,0
0,3,12.0,38.24,79.33,0,27.88,0
0,3,10.7,38.72,126.55,2,20.69,0
0,2,7.9,38.51,76.37,0,19.44,0
1,2,6.0,38.73,99.27,0,11.05,0
1,3,5.2,38.74,71.12,0,21.76,0
0,2,7.5,38.28,75.14,0,11.45,0
0,0,13.4,37.97,132.79,1,17.82,0
0,2,12.2,38.15,110.84,0,21.44,0
1,2,6.9,38.81,111.75,2,17.34,0
0,1,9.8,38.47,61.42,0,20.89,0
1,3,5.5,38.71,53.87,0,12.39,1
1,0,9.1,40.04,111.61,0,11.02,1
0,3,13.4,38.69,34.67,2,12.9,1
1,1,6.3,39.83,77.11,0,15.11,1
1,1,4.9,38.87,91.41,0,24.64,0
1,2,6.4,38.99,66.35,2,18.28,0
0,3,6.4,38.61,121.49,0,15.68,0
1,1,1.0,37.67,72.92,1,18.91,0
1,1,7.4,38.45,81.59,0,12.39,0
1,1,1.5,38.22,72.1,0,18.39,0
1,0,3.4,38.96,83.4,0,15.94,0
0,0,0.9,38.22,81.0,1,12.64,0
0,0,12.5,38.18,43.69,0,11.77,1
1,3,14.7,38.4,192.46,0,14.42,1
0,1,5.9,38.56,107.86,2,18.74,0
1,0,3.5,38.82,111.09,2,14.13,0
0,1,7.2,38.51,68.94,1,16.03,0
0,1,6.5,37.89,119.23,2,26.11,0
1,3,11.0,38.63,110.79,0,19.21,0
0,3,5.6,37.85,85.94,0,16.62,0
0,2,1.9,39.32,59.96,0,19.94,1
0,2,11.9,38.73,135.27,1,20.99,0
1,2,6.3,38.77,93.95,1,16.88,0
1,3,7.2,38.03,56.34,2,22.34,1
0,0,9.7,38.24,83.01,2,24.41,0
0,2,10.9,38.61,136.11,1,26.8,0
0,2,1.0,37.92,76.55,3,21.84,0
1,2,6.2,40.52,65.87,1,12.12,1
1,0,14.9,38.33,34.42,0,17.88,1
1,1,12.4,39.36,161.74,3,7.97,1
1,1,10.6,37.71,65.67,1,19.99,0
0,1,6.0,39.29,116.09,1,8.17,0
0,0,1.4,37.86,106.86,0,22.93,0
1,2,6.9,38.36,74.7,3,21.28,0
1,2,5.5,39.08,84.15,0,18.86,0
1,3,8.3,38.93,102.62,2,16.18,0
0,3,1.5,39.09,85.26,2,16.53,0
0,0,14.3,40.51,83.11,1,12.33,1
0,2,2.2,38.81,96.69,1,21.37,0
0,3,9.1,39.99,122.19,1,19.07,1
0,0,12.7,38.24,91.08,0,23.27,0
1,3,11.5,38.33,73.37,0,27.95,0
1,1,10.9,38.57,101.17,1,31.05,0
1,3,9.8,38.52,61.45,0,18.19,0
0,1,3.3,37.67,57.87,0,9.13,1
1,2,4.1,38.21,90.63,0,17.7,0
1,2,2.6,38.24,117.86,2,7.74,0
1,0,14.9,38.34,133.88,0,14.6,0
1,0,9.2,38.71,89.38,1,23.98,0
1,0,14.6,38.34,141.11,3,15.01,1
0,1,1.3,38.79,118.81,0,21.36,0
1,1,13.0,38.83,119.35,0,21.32,0
1,1,11.8,40.73,169.4,1,32.78,1
1,0,13.9,40.89,136.79,0,25.65,1
1,1,4.5,40.98,100.99,0,18.47,1
1,2,8.8,38.98,80.15,2,30.25,0
1,3,8.9,38.32,75.68,3,24.68,0
1,2,1.6,38.67,113.37,3,15.03,0
1,2,2.2,38.54,101.85,2,27.52,0
1,2,3.6,40.57,97.18,0,14.5,1
0,0,5.6,38.4,105.92,1,7.22,0
0,1,9.3,38.7,158.25,2,18.19,1
1,2,10.6,38.15,56.05,0,16.57,1
1,1,8.2,37.66,49.79,1,13.34,1
1,1,13.2,38.98,70.17,3,14.75,0
1,2,11.8,38.18,110.47,2,34.16,0
1,3,1.4,38.44,94.43,1,19.87,0
1,1,8.3,38.81,111.01,2,11.75,0
1,0,6.9,38.46,101.69,0,23.68,0
0,0,0.5,39.92,50.39,3,21.22,1
1,3,5.1,38.43,164.74,0,29.81,1
1,3,12.6,38.93,116.81,1,13.22,0
0,1,12.0,38.19,61.94,1,13.33,0
1,2,4.5,38.7,125.25,0,19.71,0
0,0,6.0,38.11,138.05,2,16.45,0
0,3,4.6,38.46,81.77,0,17.94,0
0,1,10.0,40.86,93.17,0,21.12,1
0,2,12.2,38.58,118.79,2,8.09,0
0,3,14.0,38.35,107.07,0,8.54,0
0,0,9.6,40.85,97.41,0,16.77,1
0,2,2.2,36.64,183.25,3,13.32,1
0,2,1.4,37.84,49.6,0,16.07,1
1,1,5.7,37.8,89.98,0,11.23,0
0,2,3.9,38.17,91.62,0,18.43,0
0,2,12.7,37.91,76.02,0,13.97,0
0,1,10.1,39.21,87.72,0,21.59,0
0,1,1.7,36.36,73.62,1,20.07,1
0,1,2.4,38.32,124.13,0,23.93,0
0,0,13.5,39.84,171.15,0,18.8,1
1,1,4.9,38.29,79.92,3,28.1,0
0,3,7.0,38.16,146.82,0,21.58,1
1,0,3.4,39.61,96.6,0,19.51,1
1,3,10.7,36.91,108.4,2,14.55,1
0,0,8.9,38.26,82.03,0,22.81,0
0,1,10.9,38.91,85.53,0,16.42,0
1,3,5.2,38.69,95.9,1,13.14,0
0,1,1.4,38.1,111.42,0,17.98,0
0,0,7.1,39.21,63.89,1,17.83,0
0,2,5.6,38.36,92.58,2,18.66,0
1,1,14.2,38.43,169.49,1,17.51,1
1,3,10.1,38.13,113.15,0,17.4,0
1,1,2.7,38.97,117.07,3,28.8,0
1,3,10.7,38.65,127.06,1,19.7,0
0,3,5.5,38.11,153.74,2,18.3,1
1,0,1.2,38.19,126.42,0,20.15,0
1,0,5.6,38.48,91.04,2,5.62,0
0,2,12.9,39.07,44.71,2,20.15,1
0,1,13.8,38.39,68.89,2,11.72,0
1,0,14.9,38.77,62.22,1,21.77,0
1,2,8.4,38.72,87.57,3,12.06,0
0,2,2.0,38.34,136.87,3,9.58,0
1,1,2.3,37.99,143.74,1,13.93,1
1,2,4.3,38.24,160.72,0,14.45,1
0,3,10.2,36.42,106.78,1,29.59,1
1,0,4.3,37.85,92.7,2,11.19,0
1,1,11.6,40.59,149.31,1,18.42,1
1,0,5.0,36.82,121.01,2,18.97,1
0,3,10.8,38.43,70.24,1,16.31,0
0,0,2.9,39.14,101.67,0,14.51,0
0,1,12.6,39.03,68.11,0,6.53,0
1,3,1.8,40.53,75.06,0,-0.67,1
1,3,9.1,38.03,67.61,2,22.33,0
0,0,9.6,38.54,48.69,2,12.2,1
0,3,8.5,39.41,193.28,2,32.4,1
0,0,8.7,38.93,61.86,1,16.9,0
0,2,0.8,38.52,80.71,0,20.4,0
1,0,4.0,38.82,85.44,0,31.82,0
1,3,1.4,37.93,126.59,0,18.98,0
1,3,11.1,38.36,66.3,2,14.44,0
0,0,7.2,37.14,102.71,0,26.97,0
1,1,14.7,38.6,98.3,0,25.15,0
1,2,1.1,38.04,134.25,2,18.75,0
1,1,7.8,37.77,74.59,2,26.84,0
1,1,14.6,38.46,131.8,1,21.87,0
0,0,6.8,37.73,67.04,0,23.3,0
1,0,14.0,40.76,78.2,1,15.89,1
0,2,2.2,38.47,86.03,0,15.25,0
0,2,1.3,39.07,95.74,1,27.79,0
0,3,8.8,38.73,73.26,3,23.35,0
1,1,10.1,38.02,134.94,0,17.26,0
0,0,8.6,37.91,102.77,0,13.56,0
1,3,2.4,39.09,79.25,0,24.98,0
1,2,9.9,38.12,182.34,0,16.87,1
1,3,5.7,38.87,90.33,1,18.35,0
0,0,11.2,38.05,81.49,0,14.18,0
0,1,7.5,38.59,197.42,2,17.0,1
1,0,11.5,37.93,55.37,1,13.04,1
1,2,5.2,40.85,74.67,2,18.35,1
1,3,13.7,38.67,83.29,0,15.62,0
0,2,1.4,38.39,85.55,1,26.78,0
1,0,14.0,38.7,100.7,0,15.09,0
0,3,10.5,38.74,62.61,0,18.12,0
1,1,1.7,38.34,112.96,1,22.56,0
0,1,8.4,38.34,40.79,0,16.76,1
1,2,7.3,37.81,110.69,0,28.15,0
0,2,9.3,38.21,90.0,1,24.42,0
0,3,12.1,38.72,37.98,0,30.14,1
1,3,4.6,38.33,98.44,1,20.53,0
1,2,10.4,38.55,36.76,2,26.8,1
1,0,8.4,38.38,111.03,1,16.81,0
1,1,9.3,39.08,75.83,0,25.75,0
0,2,14.1,38.27,56.74,0,21.05,1
1,1,12.6,37.61,111.62,1,16.1,0
1,0,7.1,38.07,57.3,1,18.03,1
0,2,4.9,38.96,57.35,1,32.71,1
0,3,13.3,38.68,87.7,0,6.54,0
0,0,11.0,38.69,34.02,1,23.76,1
0,0,10.0,38.07,52.91,1,18.18,1
1,2,8.1,39.88,88.77,3,17.33,1
1,0,7.1,37.9,127.4,0,17.32,0
1,1,9.0,38.38,92.2,0,16.61,0
1,0,12.5,37.52,107.1,1,18.14,0
1,2,5.1,38.51,124.01,0,22.04,0
1,0,2.8,36.15,107.53,2,18.08,1
0,0,5.6,38.38,46.54,0,17.13,1
1,3,5.8,38.04,107.4,1,6.52,0
0,3,6.4,37.92,70.98,1,25.02,0
0,0,13.6,40.24,97.7,0,25.33,1
0,0,4.3,38.73,82.86,1,14.09,0
1,2,12.5,38.68,73.21,0,18.82,0
0,2,2.0,38.42,114.04,0,13.5,0
0,0,5.5,38.85,175.98,0,3.97,1
1,1,14.5,38.77,117.62,0,18.64,0
1,3,4.6,38.41,75.55,0,18.97,0
0,0,3.2,38.45,63.72,0,28.4,0
1,2,7.0,38.06,86.68,0,10.59,0
0,0,1.6,38.63,83.88,0,10.82,0
0,0,5.7,38.24,98.21,2,7.71,0
1,3,0.7,37.36,89.53,1,12.17,0
1,0,9.5,38.47,115.57,1,16.88,0
1,2,12.3,38.3,78.96,2,24.57,0
1,0,2.1,38.93,133.76,2,25.91,0
0,1,7.5,38.32,89.29,1,17.87,0
0,1,0.6,38.55,68.25,1,5.62,0
1,1,13.0,37.86,104.03,1,14.84,0
0,0,5.2,38.39,174.51,2,13.97,1
0,1,2.4,38.2,91.91,0,27.76,0
0,1,12.2,37.8,62.87,1,20.49,0
0,3,14.8,38.98,76.34,2,16.64,0
1,1,2.0,38.71,106.87,3,27.75,0
0,2,10.0,38.57,114.12,2,18.64,0
1,0,7.3,38.68,147.98,0,19.66,1
0,1,7.1,38.5,87.56,2,26.07,0
1,2,9.6,39.0,113.02,2,11.0,0
0,1,14.5,38.22,199.06,2,15.05,1
1,0,13.4,38.81,115.3,2,27.55,0
1,3,12.3,39.58,86.0,2,6.74,1
0,2,0.8,37.98,98.48,0,12.41,0
1,1,10.7,39.59,62.99,1,6.24,1
1,2,10.8,40.11,79.04,0,19.4,1
0,1,11.5,37.56,94.91,1,14.31,0
0,2,10.0,38.89,193.36,2,17.16,1
1,2,2.5,38.77,63.67,1,7.98,0
1,3,10.1,39.0,126.73,1,13.07,0
1,3,0.7,38.94,85.86,1,28.19,0
1,3,8.1,40.34,67.92,0,18.03,1
0,1,8.9,38.47,190.61,1,16.76,1
1,2,1.2,38.33,66.1,0,24.35,0
0,3,2.0,38.48,90.51,2,25.13,0
0,0,9.3,38.36,114.39,0,20.17,0
0,1,8.9,38.72,129.74,1,7.37,0
0,3,6.3,38.66,127.95,1,22.54,0
0,1,1.8,38.58,114.05,3,18.64,0
0,0,13.7,36.92,72.63,1,22.12,1
0,1,11.8,38.03,140.7,0,15.23,1
0,1,8.6,37.99,136.74,2,29.21,0
1,3,8.5,38.57,186.08,0,17.14,1
0,3,4.7,38.21,74.14,2,15.16,0
1,0,0.9,38.97,117.39,3,13.21,0
1,2,5.1,38.89,96.59,2,34.49,0
1,2,14.3,37.89,84.74,1,14.92,0
1,1,7.8,38.04,31.7,1,21.12,1
0,1,3.9,38.72,137.21,1,16.77,0
1,2,9.1,38.76,91.48,1,25.46,0
0,3,14.1,38.53,110.6,0,23.8,0
0,1,14.2,38.06,53.71,3,14.9,1
0,3,3.7,38.59,77.38,1,9.82,0
1,0,12.6,37.06,91.49,1,20.77,0
1,0,2.3,38.71,83.68,0,19.22,0
0,2,12.8,36.48,83.46,2,18.32,1
1,1,6.5,40.13,77.23,0,11.95,1
1,2,11.0,37.61,115.4,1,8.42,0
0,0,10.5,38.4,77.97,1,19.6,0
1,1,7.8,38.36,53.19,0,15.23,1
0,3,9.2,37.82,71.45,1,11.7,0
0,1,12.9,38.22,74.15,1,15.46,0
1,2,3.8,38.73,98.61,1,10.9,0
0,3,3.9,40.75,80.73,1,16.74,1
0,1,7.5,39.69,55.6,1,19.08,1
1,0,1.7,38.05,183.59,1,15.29,1
0,1,10.2,38.21,65.38,2,20.37,0
1,2,12.6,36.17,92.94,0,16.02,1
1,1,9.5,38.72,77.04,1,13.81,0
0,1,7.8,38.12,70.67,0,30.97,0
0,0,7.3,38.88,173.8,2,14.65,1
1,0,9.0,39.52,150.86,1,18.35,1
1,3,1.5,40.74,131.61,0,17.56,1
0,1,1.6,38.25,92.97,0,14.27,0
1,3,1.4,39.01,86.42,3,11.53,0
1,1,11.4,38.04,81.08,0,27.07,0
0,3,3.5,38.53,93.8,0,15.89,0
1,1,11.1,38.02,132.28,3,10.66,0
1,1,8.0,37.81,101.44,1,14.21,0
0,2,5.5,37.94,91.54,2,15.11,0
1,1,7.0,39.22,115.7,2,29.4,0
1,3,8.5,38.13,89.08,1,8.37,0
0,1,1.1,37.86,65.58,3,25.7,0
0,3,12.2,38.91,63.34,0,15.56,0
1,1,10.6,38.06,116.43,1,20.35,0
1,2,3.2,38.01,88.49,0,20.42,0
1,1,10.0,38.9,87.06,2,23.2,0
0,0,8.1,37.7,61.95,0,18.94,0
0,3,11.0,38.3,80.25,2,13.34,0
1,1,3.4,38.81,100.66,0,16.64,0
1,3,0.9,37.93,76.58,1,22.26,0
1,2,11.4,40.76,84.62,1,30.83,1
0,1,7.1,38.47,112.22,1,23.61,0
0,2,11.2,38.64,102.52,1,8.9,0
1,3,2.3,38.83,101.92,1,23.9,0
0,1,1.9,38.29,189.87,2,21.88,1
0,3,7.5,38.87,67.75,0,28.75,0
1,1,11.6,38.17,74.79,1,30.3,0
0,0,0.8,37.8,73.05,1,11.82,0
1,2,10.4,38.42,139.42,1,23.98,0
1,3,10.2,39.84,74.78,3,29.48,1
0,0,0.9,38.2,153.16,0,14.91,1
0,0,1.9,38.1,69.43,1,11.16,0
0,1,5.3,38.08,78.09,0,21.21,0
0,0,4.6,38.2,136.7,0,19.49,0
0,0,10.8,38.42,51.82,1,25.91,1
0,2,10.0,38.51,109.01,1,13.13,0
1,1,12.8,38.42,82.77,2,18.64,0
0,3,5.1,38.39,170.53,1,10.31,1
0,2,9.1,39.36,66.66,3,20.8,0
1,0,5.9,37.6,79.57,2,13.87,0
0,0,0.9,38.62,79.52,2,29.34,0
0,2,5.6,37.69,56.95,0,7.6,1
0,2,10.4,38.33,99.16,0,23.02,0
1,1,12.1,40.95,62.16,0,13.49,1
0,2,6.3,38.62,113.21,2,16.6,0
1,2,4.7,38.67,155.97,0,20.22,1
0,0,14.7,38.47,84.07,0,31.88,0
1,3,2.2,38.66,99.69,0,17.23,0
0,3,4.1,38.18,111.92,1,19.74,0
1,0,14.9,39.81,58.86,1,20.42,1
0,3,1.6,37.96,99.47,0,14.17,0
1,1,4.4,38.63,71.22,1,12.59,0
1,3,2.8,39.3,64.96,0,9.48,0
0,3,7.3,38.33,48.84,1,11.71,1
0,1,9.1,38.76,95.65,1,19.64,0
