,temperature,latitude,longitude,heartbeat
0,37.74,53.348,-6.22343,76.54
1,38.01,53.33817,-6.22339,85.2
2,38.59,53.32085,-6.25545,75.21
3,38.71,53.33887,-6.2277,92.62
4,37.76,53.34227,-6.2586,71.03
5,38.44,53.33814,-6.22718,90.45
6,37.09,53.33338,-6.25016,72.42
7,37.44,53.32418,-6.22855,101.67
8,38.23,53.32011,-6.24567,71.19
9,38.35,53.32616,-6.23534,71.55
10,38.42,53.32997,-6.25644,84.88
11,38.21,53.33742,-6.24187,77.74
12,37.76,53.32518,-6.23221,71.43
13,36.92,53.32275,-6.22671,79.1
14,38.06,53.3363,-6.22179,77.59
15,38.83,53.32094,-6.25451,68.36
16,37.37,53.33544,-6.23304,73.84
17,37.6,53.32536,-6.24368,85.48
18,37.95,53.33315,-6.23839,79.1
19,37.4,53.34569,-6.24859,86.97
20,38.29,53.33157,-6.22128,93.24
21,38.8,53.32232,-6.23771,75.07
22,38.05,53.32656,-6.24983,81.07
23,38.5,53.33057,-6.24457,70.9
24,37.55,53.34805,-6.22345,69.52
25,38.63,53.33625,-6.22221,74.02
26,38.04,53.33292,-6.25311,71.89
27,38.12,53.34987,-6.22895,81.67
28,38.5,53.34032,-6.22123,68.0
29,38.09,53.32294,-6.23511,89.74
30,38.19,53.33929,-6.22304,84.59
31,38.47,53.33053,-6.22685,95.16
32,38.22,53.32315,-6.22426,82.45
33,37.26,53.32411,-6.25302,91.21
34,38.62,53.34768,-6.25438,74.72
35,38.81,53.33903,-6.25513,78.27
36,37.49,53.32711,-6.22092,74.83
37,38.36,53.34758,-6.22611,97.33
38,38.61,53.32799,-6.25468,70.77
39,38.05,53.34198,-6.25012,68.09
40,37.14,53.33538,-6.25141,88.56
41,38.01,53.33673,-6.25163,78.87
42,38.27,53.34594,-6.25391,86.41
43,37.65,53.3425,-6.23795,74.34
44,38.03,53.34262,-6.25323,80.88
45,37.26,53.34143,-6.25815,90.14
46,37.98,53.3479,-6.25802,82.12
47,38.25,53.34101,-6.22157,79.82
48,38.25,53.32191,-6.2454,92.18
49,37.78,53.32847,-6.24807,77.07
50,37.38,53.32855,-6.22907,78.62
51,37.33,53.33216,-6.23291,85.05
52,37.81,53.34626,-6.23196,75.7
53,37.45,53.32704,-6.22015,67.75
54,37.53,53.32953,-6.23475,72.22
55,37.11,53.32602,-6.23423,83.23
56,38.05,53.32814,-6.2421,80.89
57,38.64,53.33956,-6.2431,62.42
58,37.75,53.34959,-6.24338,70.3
59,38.57,53.34534,-6.25257,88.74
60,36.8,53.33955,-6.25949,89.34
61,38.16,53.3335,-6.2544,76.75
62,37.76,53.32448,-6.22603,98.54
63,38.54,53.33619,-6.25135,91.2
64,38.03,53.33565,-6.24783,65.06
65,38.3,53.3356,-6.23212,65.55
66,38.19,53.34828,-6.22018,86.6
67,38.57,53.3402,-6.22436,75.38
68,38.44,53.34965,-6.24818,80.27
69,37.62,53.32346,-6.25938,75.11
70,38.87,53.33809,-6.24731,73.73
71,37.52,53.33354,-6.24294,98.39
72,38.61,53.32029,-6.25974,71.33
73,37.98,53.32794,-6.24422,82.62
74,38.18,53.34837,-6.24402,91.35
75,37.77,53.32354,-6.24651,74.6
76,38.3,53.32539,-6.22155,90.1
77,39.73,53.34448,-6.25066,102.84
78,38.4,53.33297,-6.23521,67.2
79,38.23,53.32297,-6.23667,84.73
80,38.18,53.34621,-6.23002,82.54
81,38.03,53.34383,-6.25772,61.71
82,37.66,53.32529,-6.22311,67.46
83,38.45,53.3438,-6.25153,75.95
84,38.25,53.33412,-6.23375,69.61
85,39.07,53.33899,-6.23953,85.24
86,37.58,53.34913,-6.23099,87.76
87,37.41,53.34916,-6.24411,83.26
88,37.5,53.33349,-6.22954,56.28
89,38.64,53.32876,-6.24595,88.41
90,37.41,53.33797,-6.24647,99.58
91,37.98,53.33359,-6.24852,81.91
92,38.19,53.33577,-6.22761,66.58
93,37.52,53.32578,-6.22249,81.79
94,38.91,53.32533,-6.22384,77.58
95,37.86,53.34765,-6.24451,73.24
96,37.08,53.33429,-6.23733,70.45
97,38.18,53.33729,-6.23668,62.73
98,38.22,53.34494,-6.25653,84.09
99,38.31,53.34617,-6.23751,68.49
100,38.97,53.3233,-6.25742,79.26
101,38.73,53.3289,-6.24431,61.76
102,38.03,53.32763,-6.23969,80.5
103,38.16,53.34933,-6.23861,66.32
104,39.08,53.33081,-6.24503,82.29
105,38.3,53.34001,-6.24015,73.22
106,38.38,53.33589,-6.24751,73.56
107,38.59,53.33241,-6.25132,91.43
108,38.54,53.33052,-6.25873,77.14
109,37.24,53.33587,-6.24119,84.49
110,37.66,53.33349,-6.23156,81.47
111,38.07,53.33439,-6.23421,83.61
112,38.13,53.32324,-6.22404,61.59
113,38.62,53.32838,-6.23843,78.23
114,37.61,53.34739,-6.23196,75.56
115,37.45,53.32739,-6.24966,88.8
116,39.34,53.32296,-6.25482,80.19
117,37.96,53.33141,-6.23217,66.6
118,37.98,53.3217,-6.23728,74.63
119,37.31,53.33091,-6.23698,94.24
120,38.05,53.34849,-6.23149,78.5
121,38.02,53.34551,-6.23526,77.57
122,38.28,53.33473,-6.22186,67.47
123,38.35,53.32258,-6.23486,78.78
124,38.59,53.33111,-6.2291,71.05
125,37.81,53.32713,-6.25101,94.25
126,37.9,53.34587,-6.2277,77.35
127,37.94,53.34443,-6.25662,81.05
128,37.88,53.32098,-6.23641,72.53
129,37.64,53.34711,-6.25957,61.93
130,37.93,53.32173,-6.25766,77.29
131,37.75,53.32499,-6.24939,71.17
132,37.92,53.34703,-6.24851,83.09
133,38.48,53.32306,-6.2355,76.05
134,37.74,53.32398,-6.23079,83.14
135,37.8,53.33701,-6.24272,83.74
136,37.84,53.33661,-6.24871,89.37
137,37.62,53.32683,-6.2287,66.38
138,38.71,53.33828,-6.2539,78.22
139,37.6,53.34591,-6.23877,73.75
140,38.0,53.3488,-6.22095,56.84
141,38.34,53.33769,-6.25277,83.55
142,38.29,53.3304,-6.2537,85.04
143,38.6,53.34811,-6.23093,77.51
144,37.68,53.33869,-6.22444,71.05
145,38.0,53.32385,-6.24163,80.25
146,38.44,53.34447,-6.22359,96.34
147,38.03,53.34133,-6.23846,77.16
148,38.31,53.34279,-6.22754,60.72
149,37.75,53.34268,-6.22163,82.77
150,38.28,53.34468,-6.22067,78.89
151,37.78,53.34039,-6.22223,77.9
152,38.28,53.34695,-6.22844,70.82
153,38.44,53.33397,-6.23788,96.22
154,38.02,53.32053,-6.22744,81.8
155,38.4,53.34665,-6.23871,75.76
156,38.43,53.34704,-6.23711,95.3
157,38.26,53.34353,-6.2478,90.67
158,38.83,53.33352,-6.25346,79.54
159,37.63,53.32789,-6.23193,78.71
160,38.65,53.33786,-6.24934,93.07
161,37.49,53.3323,-6.24054,89.24
162,37.71,53.3204,-6.23048,83.18
163,38.79,53.3292,-6.24972,75.34
164,37.97,53.34633,-6.22106,85.64
165,37.49,53.33565,-6.24863,87.43
166,37.04,53.34167,-6.25531,72.35
167,38.0,53.33923,-6.22814,75.84
168,37.72,53.34872,-6.25041,77.48
169,37.73,53.34638,-6.24759,68.57
170,38.69,53.33031,-6.23437,91.47
171,37.48,53.32295,-6.23153,74.74
172,38.08,53.34679,-6.23715,78.16
173,37.7,53.34843,-6.24719,80.61
174,37.53,53.34979,-6.23513,75.41
175,37.66,53.32877,-6.25179,74.99
176,37.22,53.3475,-6.24388,95.37
177,37.56,53.34226,-6.23785,90.75
178,38.05,53.32938,-6.2266,82.64
179,37.94,53.32429,-6.24991,87.08
180,38.32,53.34383,-6.2524,77.65
181,38.72,53.34883,-6.22689,75.82
182,38.04,53.323,-6.22568,108.5
183,38.4,53.33838,-6.2301,87.17
184,38.34,53.34431,-6.23893,71.32
185,38.14,53.34079,-6.23234,74.64
186,37.11,53.3355,-6.23014,75.01
187,37.73,53.32811,-6.25032,77.79
188,38.01,53.34531,-6.24609,60.43
189,38.77,53.34769,-6.23264,82.24
190,38.1,53.3298,-6.23171,79.32
191,37.78,53.34165,-6.23398,99.29
192,37.12,53.34497,-6.24452,88.3
193,37.37,53.33726,-6.22602,73.9
194,38.44,53.33172,-6.229,69.21
195,38.39,53.33855,-6.25377,63.6
196,37.63,53.33647,-6.23532,84.33
197,38.3,53.33768,-6.25494,79.75
198,38.53,53.33074,-6.22872,92.88
199,38.0,53.33474,-6.24866,77.4
200,37.97,53.33899,-6.25775,89.22
201,37.8,53.34171,-6.24653,81.56
202,37.96,53.34673,-6.25736,80.22
203,38.11,53.34977,-6.22878,84.85
204,38.63,53.33367,-6.25077,69.35
205,39.04,53.33382,-6.23493,90.61
206,38.56,53.33022,-6.24504,76.77
207,37.66,53.32506,-6.24621,88.81
208,37.59,53.34778,-6.24861,73.19
209,38.28,53.3249,-6.23511,76.58
210,37.98,53.32124,-6.24297,62.26
211,38.43,53.32771,-6.2414,68.2
212,38.34,53.34665,-6.24046,85.19
213,38.82,53.34375,-6.23309,93.98
214,36.84,53.34814,-6.25745,88.56
215,38.55,53.32207,-6.25791,74.92
216,37.81,53.334,-6.25784,71.77
217,37.85,53.33311,-6.23046,69.97
218,38.36,53.34621,-6.2261,62.16
219,37.89,53.3453,-6.22103,88.6
220,37.82,53.34299,-6.24382,86.89
221,38.3,53.33927,-6.22719,69.03
222,38.17,53.32419,-6.23231,56.26
223,38.13,53.32979,-6.24101,91.63
224,37.73,53.32383,-6.25106,66.99
225,37.88,53.34473,-6.22641,80.47
226,38.34,53.32876,-6.23412,77.38
227,38.22,53.32639,-6.2246,70.65
228,38.54,53.33449,-6.24872,80.97
229,38.74,53.32047,-6.24529,79.27
230,37.86,53.32637,-6.25707,80.29
231,38.63,53.3415,-6.24013,84.92
232,37.72,53.34953,-6.25029,97.07
233,39.22,53.32617,-6.22461,79.18
234,38.18,53.33205,-6.24761,79.97
235,37.9,53.33405,-6.2492,95.84
236,38.32,53.34106,-6.25277,88.91
237,37.87,53.33347,-6.253,81.63
238,37.98,53.34775,-6.24776,83.53
239,38.36,53.34648,-6.23255,71.65
240,38.39,53.32034,-6.239,66.31
241,38.15,53.32308,-6.24839,95.26
242,37.72,53.32559,-6.22247,83.34
243,38.66,53.34957,-6.22658,85.35
244,38.58,53.34599,-6.23463,84.21
245,37.38,53.34547,-6.24742,83.22
246,37.97,53.32848,-6.24069,75.37
247,37.36,53.33264,-6.24417,91.49
248,37.99,53.32216,-6.23677,69.17
249,38.0,53.32725,-6.25447,73.06
250,37.89,53.32576,-6.25814,84.94
251,38.92,53.34493,-6.25571,72.38
252,37.21,53.34455,-6.22064,62.88
253,37.87,53.3278,-6.25514,80.0
254,39.48,53.33621,-6.23128,64.76
255,38.79,53.32625,-6.24541,81.45
256,37.51,53.33217,-6.25087,78.17
257,36.79,53.32834,-6.24907,67.39
258,37.81,53.33509,-6.25155,79.85
259,38.32,53.34472,-6.25671,78.9
260,38.38,53.32504,-6.25154,71.78
261,38.22,53.32038,-6.23346,85.84
262,38.33,53.33151,-6.24771,94.6
263,39.47,53.323,-6.2565,76.09
264,37.96,53.33788,-6.22726,76.22
265,38.93,53.34169,-6.24764,81.91
266,37.79,53.32733,-6.23344,73.66
267,38.57,53.34214,-6.25994,74.34
268,38.02,53.32976,-6.24357,89.69
269,38.37,53.32604,-6.2431,71.2
270,38.03,53.32598,-6.23896,94.05
271,38.23,53.32801,-6.25246,90.91
272,37.55,53.33361,-6.24343,84.36
273,38.18,53.33471,-6.24279,67.1
274,37.98,53.34966,-6.23185,75.34
275,38.34,53.32493,-6.25671,92.27
276,37.81,53.33749,-6.23582,80.56
277,37.79,53.33613,-6.24569,76.75
278,38.04,53.34399,-6.25184,65.81
279,38.67,53.34438,-6.22331,100.35
280,37.68,53.34595,-6.23098,72.19
281,38.04,53.3372,-6.22329,81.57
282,37.88,53.32226,-6.22929,102.63
283,37.05,53.34544,-6.23626,83.59
284,38.59,53.33273,-6.22075,79.92
285,38.15,53.32204,-6.24039,90.87
286,37.35,53.33239,-6.25582,78.11
287,38.0,53.33098,-6.23277,72.67
288,38.43,53.33366,-6.25442,84.4
289,38.73,53.32156,-6.2347,75.4
290,37.59,53.32406,-6.24725,84.35
291,37.99,53.32505,-6.24434,90.03
292,38.15,53.32071,-6.25449,85.48
293,37.53,53.32809,-6.23219,89.27
294,37.89,53.33733,-6.23741,91.03
295,37.16,53.32859,-6.24595,68.93
296,38.13,53.339,-6.24405,80.05
297,38.14,53.33242,-6.25516,88.75
298,37.83,53.33764,-6.2457,85.96
299,37.96,53.33891,-6.24432,91.5
300,36.97,53.33648,-6.23213,74.97
301,38.28,53.34168,-6.22227,81.68
302,38.39,53.33253,-6.22803,109.06
303,37.17,53.33289,-6.23198,77.68
304,37.32,53.32773,-6.23757,83.14
305,37.94,53.3233,-6.23647,73.09
306,38.03,53.32313,-6.23718,77.58
307,37.65,53.34834,-6.22284,88.73
308,37.79,53.33613,-6.25915,86.06
309,37.29,53.34604,-6.2311,76.19
310,38.59,53.33544,-6.22889,47.15
311,38.59,53.3316,-6.23877,77.13
312,37.6,53.33971,-6.22299,82.98
313,38.36,53.34244,-6.23197,84.75
314,37.57,53.33772,-6.23885,85.48
315,38.61,53.3235,-6.24872,90.12
316,38.0,53.33335,-6.24668,84.04
317,37.79,53.32414,-6.22975,74.37
318,38.88,53.32595,-6.25112,94.58
319,38.29,53.32879,-6.24541,70.71
320,37.43,53.32405,-6.22662,64.63
321,37.97,53.34687,-6.25483,71.92
322,37.76,53.32734,-6.23548,90.53
323,37.96,53.32975,-6.24512,71.74
324,38.13,53.32646,-6.2352,87.06
325,38.01,53.34768,-6.24544,75.81
326,38.74,53.34001,-6.22958,78.81
327,37.79,53.32452,-6.24379,69.52
328,38.4,53.34434,-6.25573,63.41
329,37.22,53.33066,-6.25656,73.44
330,38.42,53.32913,-6.24925,69.87
331,38.18,53.33015,-6.24509,87.44
332,38.62,53.33373,-6.24957,84.25
333,38.8,53.34746,-6.24284,94.07
334,38.22,53.33544,-6.24364,87.49
335,38.49,53.33671,-6.23745,87.12
336,37.5,53.32289,-6.22496,86.79
337,37.22,53.32372,-6.23877,71.5
338,39.74,53.34262,-6.23433,81.56
339,37.97,53.34129,-6.23659,89.28
340,37.81,53.33164,-6.2418,75.47
341,38.35,53.33782,-6.23483,81.08
342,38.17,53.34595,-6.24216,89.05
343,38.27,53.33511,-6.22063,82.35
344,38.57,53.32557,-6.23321,83.91
345,39.0,53.33889,-6.2236,92.33
346,38.85,53.33726,-6.24389,80.32
347,38.94,53.34742,-6.24004,82.39
348,37.9,53.32947,-6.22358,68.41
349,38.23,53.33856,-6.22013,88.54
350,39.09,53.34275,-6.22406,92.76
351,37.37,53.32656,-6.24021,79.18
352,38.98,53.33178,-6.24361,82.24
353,38.18,53.32351,-6.23923,79.29
354,37.96,53.32279,-6.23322,94.89
355,37.65,53.32535,-6.23806,75.83
356,38.42,53.32017,-6.23639,68.68
357,37.95,53.33519,-6.2555,103.18
358,37.98,53.32114,-6.24724,85.24
359,37.23,53.33352,-6.22852,75.39
360,37.86,53.34828,-6.25838,74.06
361,38.18,53.32412,-6.24049,80.4
362,37.6,53.32363,-6.25987,76.23
363,37.57,53.3281,-6.24471,85.82
364,38.03,53.32079,-6.22582,97.21
365,38.18,53.3217,-6.24015,77.01
366,37.98,53.33047,-6.23088,92.05
367,36.98,53.33699,-6.22468,84.81
368,37.31,53.32549,-6.24584,87.81
369,37.97,53.34594,-6.23421,84.33
370,38.26,53.32087,-6.22392,92.47
371,38.68,53.34545,-6.24757,92.67
372,38.37,53.33089,-6.25972,55.57
373,38.2,53.34419,-6.23974,91.26
374,37.84,53.34921,-6.24947,72.97
375,37.63,53.34224,-6.25399,78.62
376,37.56,53.34299,-6.24086,77.94
377,39.2,53.34408,-6.25376,82.55
378,38.74,53.34077,-6.25095,74.43
379,38.75,53.34877,-6.25868,71.88
380,37.73,53.34958,-6.24564,93.0
381,38.47,53.32192,-6.22431,81.55
382,38.56,53.33698,-6.22658,94.05
383,37.46,53.32243,-6.22697,67.54
384,37.6,53.33814,-6.24349,69.66
385,37.15,53.32701,-6.24618,70.22
386,37.66,53.3449,-6.2339,75.56
387,38.08,53.34536,-6.25428,83.11
388,37.82,53.33165,-6.22221,87.5
389,38.09,53.34778,-6.22948,81.52
390,37.91,53.34095,-6.23969,83.45
391,37.67,53.33541,-6.22493,89.62
392,37.95,53.32404,-6.23075,64.2
393,37.83,53.34568,-6.25332,67.4
394,37.35,53.34001,-6.23901,83.96
395,37.81,53.32553,-6.25475,84.79
396,38.01,53.33313,-6.2524,61.09
397,38.63,53.34971,-6.25009,96.44
398,38.14,53.33819,-6.24781,66.57
399,38.05,53.33153,-6.23412,84.39
400,37.89,53.34696,-6.23486,71.78
401,38.12,53.33878,-6.25619,77.53
402,37.22,53.33286,-6.23587,64.75
403,38.18,53.33846,-6.25554,59.82
404,37.84,53.32102,-6.24183,84.63
405,38.4,53.32688,-6.23913,67.89
406,37.94,53.33247,-6.2466,90.76
407,37.3,53.32607,-6.25124,84.34
408,38.46,53.34354,-6.23504,86.08
409,36.81,53.3203,-6.23786,82.24
410,38.73,53.34586,-6.25438,72.69
411,37.85,53.33765,-6.23194,87.08
412,37.68,53.32052,-6.22346,83.92
413,37.51,53.32474,-6.23956,83.02
414,38.48,53.34285,-6.22856,90.77
415,37.99,53.32645,-6.23009,100.23
416,38.76,53.32953,-6.22426,56.45
417,37.86,53.34137,-6.23819,76.3
418,37.63,53.34366,-6.25024,75.24
419,37.16,53.32686,-6.23671,77.65
420,38.34,53.33046,-6.25893,76.44
421,39.07,53.34848,-6.22767,72.59
422,38.15,53.32891,-6.23666,74.87
423,38.07,53.33833,-6.23705,77.93
424,37.21,53.33894,-6.24744,73.96
425,38.56,53.3272,-6.25089,83.31
426,37.85,53.32129,-6.23531,91.93
427,38.13,53.32354,-6.2358,82.71
428,38.27,53.33791,-6.24391,81.41
429,37.51,53.32311,-6.24559,77.84
430,38.21,53.34392,-6.25841,93.05
431,37.92,53.32594,-6.25056,86.35
432,38.02,53.33221,-6.25556,78.81
433,38.5,53.32352,-6.2201,74.31
434,37.83,53.33524,-6.23361,86.06
435,38.85,53.34145,-6.2413,85.11
436,36.98,53.34963,-6.22021,74.07
437,38.4,53.33759,-6.24612,85.35
438,37.28,53.34675,-6.24404,69.64
439,37.78,53.33668,-6.22702,87.7
440,37.89,53.32844,-6.24024,91.29
441,37.68,53.32575,-6.22373,86.59
442,38.02,53.33447,-6.25288,77.97
443,38.12,53.3397,-6.25481,63.32
444,38.75,53.33993,-6.24127,95.87
445,37.47,53.32949,-6.25447,78.64
446,38.1,53.33124,-6.23454,78.29
447,37.52,53.34197,-6.22323,98.69
448,38.13,53.34811,-6.22012,94.64
449,38.09,53.34124,-6.23178,65.24
450,38.21,53.33877,-6.24817,84.77
451,38.88,53.33136,-6.24542,88.07
452,37.06,53.34116,-6.22021,93.21
453,37.23,53.32324,-6.25375,83.22
454,38.02,53.33921,-6.25754,89.74
455,38.55,53.32464,-6.24305,76.03
456,37.99,53.34125,-6.24075,86.98
457,38.32,53.34349,-6.23661,74.54
458,37.37,53.33022,-6.24712,82.72
459,37.68,53.33471,-6.25498,86.22
460,38.15,53.32961,-6.23523,73.76
461,37.91,53.33933,-6.25006,84.24
462,37.3,53.34491,-6.22955,73.4
463,37.82,53.32904,-6.24217,82.19
464,36.87,53.34683,-6.24157,78.51
465,37.96,53.32127,-6.229,76.63
466,38.13,53.329,-6.24137,72.73
467,37.15,53.34846,-6.25215,64.89
468,39.05,53.33927,-6.22411,93.33
469,38.15,53.33871,-6.25372,81.25
470,37.78,53.3241,-6.24959,70.93
471,37.54,53.32872,-6.25881,74.74
472,38.45,53.33904,-6.25062,79.25
473,38.78,53.33319,-6.24112,86.53
474,38.17,53.32538,-6.23953,69.37
475,38.04,53.33082,-6.24105,71.6
476,37.68,53.32371,-6.24088,91.52
477,37.27,53.34045,-6.23479,83.86
478,37.02,53.34011,-6.24924,67.62
479,37.62,53.33117,-6.24709,77.67
480,38.6,53.32492,-6.22583,83.37
481,38.4,53.34895,-6.22354,90.58
482,38.17,53.34177,-6.24122,94.13
483,38.9,53.34609,-6.23645,80.75
484,38.39,53.33737,-6.25991,83.39
485,37.69,53.32294,-6.25004,77.59
486,37.39,53.33266,-6.2567,69.23
487,38.68,53.34179,-6.22573,73.59
488,37.56,53.32203,-6.25928,88.41
489,37.65,53.33184,-6.22415,77.77
490,37.73,53.33985,-6.23273,94.08
491,39.07,53.33334,-6.25322,61.97
492,37.45,53.32299,-6.25654,84.98
493,37.04,53.33009,-6.25188,80.83
494,37.99,53.32995,-6.22223,67.4
495,38.3,53.33268,-6.25629,96.16
496,37.54,53.34383,-6.23719,87.01
497,37.97,53.33827,-6.24879,87.18
498,38.0,53.34225,-6.23537,79.02
499,37.09,53.32751,-6.24347,70.44
500,37.79,53.33804,-6.22371,79.79
501,39.32,53.33232,-6.25249,69.48
502,37.08,53.33524,-6.22869,89.85
503,36.78,53.32068,-6.23518,77.15
504,37.9,53.32893,-6.23164,65.89
505,37.56,53.32368,-6.22138,80.48
506,38.86,53.33064,-6.23344,114.42
507,38.34,53.34467,-6.25551,73.84
508,37.51,53.33815,-6.22857,81.55
509,37.63,53.32005,-6.25758,88.41
510,38.42,53.34421,-6.25817,72.17
511,37.7,53.33276,-6.2372,78.42
512,38.89,53.32752,-6.22878,72.97
513,38.15,53.33188,-6.23907,89.03
514,37.89,53.34109,-6.25122,85.51
515,37.98,53.33318,-6.24231,71.17
516,37.89,53.32208,-6.22255,77.12
517,38.0,53.33656,-6.25357,72.73
518,37.63,53.32421,-6.22243,70.46
519,37.59,53.34433,-6.24435,60.78
520,37.7,53.34037,-6.24543,101.14
521,38.08,53.34036,-6.25119,67.8
522,38.37,53.34454,-6.23155,89.02
523,37.1,53.34395,-6.25737,83.78
524,37.87,53.33603,-6.2587,75.63
525,37.39,53.32014,-6.24942,80.19
526,37.56,53.34247,-6.25088,79.43
527,36.97,53.33649,-6.24184,71.7
528,38.29,53.32707,-6.24725,77.24
529,38.38,53.33703,-6.24813,82.69
530,38.21,53.32899,-6.25882,73.69
531,38.47,53.32106,-6.24146,77.52
532,37.66,53.33125,-6.22872,73.42
533,37.68,53.34266,-6.22098,81.14
534,38.04,53.33086,-6.25295,74.79
535,37.66,53.33938,-6.22186,80.86
536,37.46,53.33142,-6.2582,89.9
537,37.97,53.34646,-6.23614,65.23
538,37.8,53.3438,-6.25632,82.51
539,38.16,53.34415,-6.24205,81.1
540,38.0,53.33219,-6.229,71.49
541,38.16,53.33448,-6.22959,66.83
542,37.97,53.32476,-6.24266,90.37
543,37.7,53.33241,-6.22886,68.88
544,37.67,53.33895,-6.24658,74.92
545,37.43,53.33024,-6.24308,67.56
546,37.76,53.32408,-6.22421,101.4
547,38.41,53.32229,-6.24415,68.69
548,37.58,53.34856,-6.2226,76.3
549,38.2,53.33447,-6.24124,74.45
550,38.2,53.32029,-6.24193,74.48
551,38.13,53.34795,-6.23666,63.13
552,37.16,53.33971,-6.24001,73.72
553,37.38,53.32568,-6.24995,95.89
554,37.72,53.32498,-6.25567,90.93
555,37.33,53.34757,-6.25147,73.76
556,38.45,53.33958,-6.24253,70.01
557,37.44,53.34934,-6.22168,71.92
558,37.32,53.32732,-6.23348,83.2
559,37.8,53.34675,-6.22537,89.19
560,38.57,53.32047,-6.24301,64.38
561,37.08,53.32099,-6.24444,80.18
562,38.45,53.33042,-6.24268,90.03
563,38.23,53.32537,-6.24835,73.13
564,38.04,53.33228,-6.25748,96.19
565,37.73,53.32782,-6.24653,84.15
566,38.24,53.32948,-6.24332,82.91
567,37.58,53.3283,-6.2224,78.42
568,38.83,53.33436,-6.22294,87.41
569,38.1,53.32415,-6.23273,75.2
570,37.54,53.32564,-6.23928,73.46
571,38.75,53.32826,-6.2307,74.53
572,37.7,53.32031,-6.23271,82.09
573,38.81,53.34792,-6.22038,85.08
574,38.25,53.32889,-6.25154,86.63
575,37.32,53.33779,-6.22626,87.4
576,38.15,53.32403,-6.22313,84.01
577,38.15,53.32981,-6.23859,83.78
578,37.95,53.33855,-6.24824,85.91
579,38.51,53.33751,-6.25503,82.29
580,38.04,53.34558,-6.25268,95.7
581,38.57,53.32765,-6.22474,73.4
582,38.37,53.33967,-6.22192,93.55
583,37.76,53.33275,-6.25537,85.3
584,37.3,53.3286,-6.22998,68.36
585,37.4,53.33846,-6.25855,62.1
586,38.59,53.33245,-6.24185,75.71
587,37.78,53.33571,-6.25778,93.01
588,39.38,53.33078,-6.22147,88.78
589,37.26,53.32237,-6.25299,61.6
590,37.86,53.32725,-6.25596,62.83
591,38.4,53.3477,-6.22836,76.75
592,37.41,53.33503,-6.25119,89.06
593,37.44,53.34547,-6.23957,96.96
594,38.02,53.3362,-6.25625,80.38
595,38.65,53.34924,-6.2506,74.41
596,38.3,53.34794,-6.24895,93.37
597,38.9,53.3386,-6.23264,70.24
598,38.12,53.34596,-6.23462,74.62
599,37.69,53.34684,-6.2489,75.44
600,38.09,53.34292,-6.2353,73.52
601,37.94,53.34061,-6.23042,64.89
602,37.53,53.33291,-6.25368,97.06
603,37.66,53.32393,-6.24842,76.41
604,36.99,53.33486,-6.22704,64.32
605,37.04,53.33895,-6.2303,62.31
606,38.27,53.33549,-6.24469,83.01
607,37.58,53.33556,-6.24185,85.55
608,37.93,53.33739,-6.23255,81.24
609,37.63,53.34711,-6.2571,61.19
610,37.74,53.34908,-6.24762,64.7
611,37.72,53.32302,-6.23074,86.14
612,37.33,53.32431,-6.25354,72.51
613,38.64,53.34799,-6.23141,61.08
614,38.73,53.32884,-6.23897,77.15
615,38.38,53.33958,-6.25895,74.62
616,37.94,53.33041,-6.25373,81.11
617,37.03,53.32623,-6.22927,98.54
618,38.19,53.32347,-6.23431,66.77
619,37.95,53.33091,-6.24623,89.76
620,36.99,53.33569,-6.25185,95.39
621,38.48,53.32884,-6.24349,78.08
622,37.84,53.34938,-6.24648,87.59
623,37.5,53.34016,-6.25054,73.15
624,38.35,53.34454,-6.23311,89.14
625,38.24,53.34676,-6.23698,88.0
626,37.84,53.33538,-6.24148,83.22
627,38.85,53.32064,-6.24846,63.75
628,38.41,53.34733,-6.23019,88.65
629,38.14,53.32922,-6.23152,88.67
630,38.93,53.32831,-6.23046,77.84
631,38.53,53.34063,-6.221,92.84
632,38.04,53.32448,-6.22204,75.11
633,38.6,53.33599,-6.23552,75.35
634,38.36,53.34511,-6.25371,69.16
635,37.16,53.32861,-6.24909,68.43
636,37.71,53.32424,-6.22327,79.35
637,37.66,53.33849,-6.25242,96.24
638,37.85,53.34957,-6.22715,90.08
639,37.67,53.33298,-6.25105,74.61
640,37.01,53.34355,-6.24967,88.6
641,37.8,53.32127,-6.23894,86.61
642,38.17,53.33607,-6.2475,71.2
643,37.79,53.34342,-6.2584,81.95
644,38.22,53.34877,-6.24486,64.06
645,37.62,53.34945,-6.25459,81.52
646,38.48,53.33764,-6.23277,98.36
647,38.14,53.34568,-6.2567,73.06
648,37.29,53.3478,-6.23522,72.17
649,37.75,53.32608,-6.25279,85.38
650,37.94,53.34131,-6.22098,73.44
651,38.16,53.32717,-6.22473,90.29
652,37.12,53.32731,-6.25953,71.13
653,38.57,53.328,-6.24499,85.08
654,37.97,53.3436,-6.25931,69.28
655,37.08,53.3237,-6.22656,97.85
656,37.53,53.34564,-6.24876,66.73
657,37.94,53.33149,-6.23372,79.13
658,38.64,53.3462,-6.24554,90.13
659,38.43,53.32991,-6.25049,67.97
660,38.88,53.34246,-6.25645,76.52
661,38.35,53.325,-6.25069,92.31
662,38.06,53.33105,-6.25154,70.59
663,37.71,53.33853,-6.25028,76.94
664,38.08,53.32598,-6.22556,82.93
665,38.46,53.33498,-6.2309,65.17
666,38.13,53.33555,-6.25725,91.64
667,37.7,53.3437,-6.24017,90.05
668,37.74,53.34331,-6.23716,80.98
669,38.34,53.34439,-6.25704,77.64
670,37.96,53.32513,-6.22321,85.5
671,37.61,53.33614,-6.22481,78.2
672,38.6,53.32215,-6.25622,76.32
673,38.29,53.33861,-6.23154,86.77
674,37.87,53.33955,-6.22101,81.19
675,37.68,53.32365,-6.24119,88.21
676,38.26,53.33922,-6.24242,86.04
677,38.77,53.34118,-6.23217,71.49
678,37.83,53.32583,-6.24806,88.14
679,37.42,53.3407,-6.23187,79.39
680,38.58,53.34087,-6.23348,71.24
681,38.38,53.33314,-6.257,74.06
682,36.98,53.33807,-6.2396,80.56
683,38.29,53.34435,-6.25219,89.32
684,38.05,53.34776,-6.24339,76.86
685,38.53,53.33876,-6.2568,86.86
686,38.74,53.34129,-6.22199,85.68
687,38.14,53.32988,-6.25856,101.05
688,38.03,53.32239,-6.25331,96.36
689,38.09,53.34776,-6.25896,62.93
690,36.82,53.34643,-6.23498,104.87
691,38.54,53.32235,-6.24644,85.03
692,36.85,53.34941,-6.25098,92.53
693,37.44,53.32148,-6.23948,93.11
694,38.3,53.33516,-6.22864,83.53
695,37.78,53.33553,-6.25725,77.28
696,38.66,53.3223,-6.24188,75.33
697,36.51,53.3291,-6.23921,80.14
698,37.68,53.34734,-6.23311,57.51
699,37.34,53.33565,-6.24175,81.55
700,37.63,53.33928,-6.22444,88.37
701,38.28,53.34999,-6.246,90.99
702,37.56,53.32416,-6.22393,95.7
703,38.03,53.33953,-6.2474,82.18
704,38.14,53.34789,-6.22389,89.0
705,38.2,53.34735,-6.25333,53.49
706,38.15,53.34016,-6.22839,95.98
707,38.11,53.33446,-6.22522,75.25
708,38.32,53.34065,-6.22418,81.26
709,37.95,53.32046,-6.22267,87.42
710,37.91,53.32288,-6.24612,72.53
711,38.17,53.32777,-6.23589,81.67
712,38.72,53.32228,-6.23936,74.1
713,38.45,53.32926,-6.24008,79.29
714,38.61,53.33127,-6.25461,72.52
715,37.44,53.33871,-6.2332,79.93
716,38.82,53.3477,-6.24738,75.88
717,37.93,53.32612,-6.23317,90.54
718,38.44,53.3465,-6.25046,89.54
719,37.86,53.32066,-6.23541,82.64
720,38.31,53.34588,-6.25052,70.25
721,37.87,53.34873,-6.25231,71.18
722,39.1,53.32843,-6.25688,69.6
723,37.89,53.34343,-6.25805,67.2
724,37.36,53.33573,-6.22118,74.98
725,37.93,53.33578,-6.25103,77.73
726,37.43,53.32075,-6.2395,67.09
727,38.5,53.32798,-6.24665,77.91
728,38.74,53.32264,-6.25866,77.24
729,38.34,53.33855,-6.234,58.46
730,37.6,53.33238,-6.24753,88.02
731,37.78,53.34751,-6.22725,93.32
732,38.0,53.34551,-6.25775,91.34
733,37.93,53.32545,-6.24788,76.65
734,37.42,53.34006,-6.25289,85.03
735,39.12,53.32206,-6.23362,78.57
736,38.58,53.34166,-6.22423,82.08
737,38.28,53.3224,-6.25213,94.03
738,38.29,53.34289,-6.25209,66.74
739,37.71,53.33825,-6.22539,97.98
740,37.71,53.3401,-6.24882,62.48
741,39.02,53.32731,-6.24295,82.23
742,38.34,53.34413,-6.25913,81.21
743,38.15,53.34974,-6.23911,64.73
744,38.33,53.3461,-6.25151,78.39
745,37.92,53.32388,-6.25105,88.04
746,39.31,53.32603,-6.25369,82.24
747,37.51,53.32505,-6.24147,66.28
748,37.66,53.32839,-6.24423,77.23
749,37.32,53.32078,-6.22489,79.7
750,38.1,53.34151,-6.24337,84.28
751,38.16,53.34451,-6.24463,72.35
752,38.11,53.33848,-6.25062,99.36
753,38.89,53.34766,-6.22484,68.84
754,37.98,53.32448,-6.24471,87.29
755,37.71,53.33589,-6.23677,71.94
756,38.77,53.34519,-6.25031,79.65
757,37.18,53.33573,-6.24263,68.87
758,38.13,53.33214,-6.22547,77.52
759,37.72,53.33195,-6.2503,79.34
760,38.07,53.33736,-6.25224,78.41
761,38.15,53.34962,-6.22282,101.44
762,38.07,53.33641,-6.24416,84.82
763,38.14,53.33005,-6.24462,78.38
764,38.13,53.3433,-6.23992,95.53
765,37.53,53.34318,-6.25677,78.2
766,38.74,53.34935,-6.24786,75.25
767,37.2,53.32698,-6.23475,71.29
768,37.83,53.34886,-6.25462,97.38
769,38.44,53.34602,-6.22467,105.24
770,38.35,53.32195,-6.2411,74.43
771,37.85,53.3215,-6.24547,75.02
772,37.96,53.32769,-6.22511,83.77
773,37.9,53.33712,-6.25191,73.96
774,38.52,53.34716,-6.22554,67.34
775,38.97,53.32802,-6.22505,75.31
776,37.55,53.34599,-6.22168,71.99
777,37.48,53.32166,-6.23061,67.26
778,37.5,53.34587,-6.25135,78.45
779,38.08,53.33256,-6.24155,82.9
780,37.64,53.33485,-6.23661,86.29
781,37.5,53.32646,-6.23683,76.0
782,38.37,53.33597,-6.2465,75.41
783,37.88,53.33559,-6.24584,78.76
784,38.1,53.34942,-6.253,90.65
785,38.8,53.34473,-6.23986,81.76
786,38.74,53.34895,-6.23009,96.07
787,38.61,53.3415,-6.24469,80.39
788,38.72,53.32863,-6.22645,90.97
789,36.97,53.34601,-6.24312,85.06
790,36.84,53.32312,-6.24436,82.85
791,38.27,53.33891,-6.2294,85.49
792,37.79,53.3413,-6.24221,80.44
793,37.29,53.34757,-6.24447,82.26
794,37.84,53.33519,-6.25617,77.23
795,37.54,53.34518,-6.23152,70.44
796,38.17,53.3299,-6.22304,103.59
797,37.61,53.32826,-6.22461,79.06
798,37.96,53.34964,-6.22656,80.08
799,38.31,53.32236,-6.24043,67.68
800,38.42,53.34516,-6.25803,84.61
801,37.17,53.34309,-6.25727,77.79
802,38.54,53.34733,-6.23508,74.16
803,37.44,53.33261,-6.22902,86.43
804,37.67,53.34893,-6.22101,94.89
805,37.02,53.32256,-6.24373,82.89
806,38.6,53.337,-6.24852,77.57
807,37.83,53.3488,-6.25032,75.65
808,38.86,53.34464,-6.22733,82.36
809,38.46,53.32935,-6.25978,86.15
810,38.8,53.33878,-6.25123,74.5
811,38.88,53.32744,-6.2361,88.08
812,37.81,53.32991,-6.2505,69.86
813,38.2,53.32771,-6.25117,83.25
814,37.08,53.32255,-6.25386,74.31
815,37.15,53.33662,-6.23542,71.27
816,37.94,53.33813,-6.25743,77.11
817,38.61,53.33236,-6.22307,76.79
818,37.68,53.33117,-6.23235,65.59
819,37.41,53.3391,-6.25228,75.85
820,38.2,53.32951,-6.22976,67.42
821,37.99,53.32995,-6.23869,87.18
822,38.3,53.33049,-6.23241,83.6
823,37.37,53.33532,-6.2374,72.75
824,37.38,53.32082,-6.23677,54.82
825,38.79,53.32306,-6.22683,87.4
826,37.83,53.34294,-6.25391,76.09
827,38.12,53.32583,-6.22075,76.75
828,38.84,53.33667,-6.25808,81.73
829,37.27,53.343,-6.2235,75.24
830,37.81,53.33906,-6.22206,72.5
831,37.36,53.34254,-6.24952,79.57
832,37.98,53.34253,-6.23661,94.62
833,38.82,53.33017,-6.24736,90.02
834,38.06,53.32192,-6.23448,68.3
835,37.99,53.33073,-6.25159,79.36
836,37.52,53.32138,-6.24315,80.19
837,38.37,53.3242,-6.25892,86.39
838,38.43,53.34704,-6.24799,81.75
839,38.87,53.33093,-6.23435,65.54
840,38.59,53.3448,-6.23121,79.48
841,38.21,53.32434,-6.25827,85.4
842,38.84,53.33752,-6.2499,86.67
843,38.24,53.33527,-6.24562,91.19
844,37.75,53.34053,-6.23272,79.91
845,39.07,53.34616,-6.24684,80.4
846,38.27,53.3219,-6.22243,78.97
847,37.45,53.33292,-6.25749,87.43
848,36.84,53.33778,-6.2395,92.95
849,37.37,53.34995,-6.248,78.89
850,37.85,53.34274,-6.22436,85.98
851,37.9,53.33451,-6.23441,80.45
852,38.04,53.33184,-6.22302,84.85
853,39.17,53.3204,-6.22904,61.15
854,38.61,53.32998,-6.23702,76.41
855,37.52,53.32068,-6.2247,78.72
856,39.03,53.3308,-6.24657,79.46
857,38.16,53.32725,-6.22315,83.45
858,37.92,53.33121,-6.24549,62.02
859,37.7,53.34614,-6.22438,77.95
860,38.51,53.33622,-6.24697,70.47
861,38.03,53.32156,-6.22826,99.44
862,37.87,53.34036,-6.24036,84.0
863,38.56,53.32945,-6.25449,74.2
864,39.5,53.34555,-6.25328,72.17
865,37.53,53.33331,-6.25578,82.65
866,38.62,53.33799,-6.23599,84.37
867,38.06,53.33992,-6.22111,86.02
868,37.28,53.34683,-6.23152,93.92
869,37.75,53.32943,-6.24047,58.0
870,38.46,53.33367,-6.23521,86.13
871,38.05,53.34679,-6.23071,89.51
872,38.53,53.32907,-6.22365,81.45
873,36.95,53.32925,-6.247,63.33
874,38.03,53.33199,-6.25864,80.91
875,38.17,53.34629,-6.23469,84.38
876,37.69,53.32258,-6.24124,75.78
877,38.05,53.34683,-6.25308,79.55
878,37.97,53.33761,-6.23874,70.14
879,37.49,53.34556,-6.23556,71.0
880,38.39,53.34794,-6.25257,78.77
881,38.61,53.34913,-6.2241,84.43
882,37.9,53.3346,-6.22522,80.52
883,37.93,53.3325,-6.2575,94.54
884,38.31,53.33696,-6.24733,79.96
885,37.46,53.33563,-6.2343,83.86
886,38.38,53.34452,-6.24181,73.27
887,37.76,53.34754,-6.24791,63.64
888,38.45,53.33091,-6.24431,95.19
889,38.27,53.32562,-6.23177,94.62
890,38.06,53.34422,-6.24914,86.76
891,38.26,53.32574,-6.22028,94.74
892,38.81,53.32384,-6.25963,92.73
893,38.18,53.33885,-6.25893,97.78
894,38.49,53.33579,-6.24369,100.47
895,37.82,53.34769,-6.23524,69.56
896,38.61,53.34414,-6.23058,61.13
897,37.95,53.33828,-6.23977,80.8
898,38.06,53.3439,-6.23378,73.14
899,37.8,53.32391,-6.22018,76.36
900,38.36,53.32796,-6.24345,86.76
901,38.16,53.32521,-6.2432,71.97
902,38.25,53.34032,-6.24467,73.38
903,37.83,53.34138,-6.24529,70.66
904,37.78,53.33812,-6.22513,79.87
905,38.22,53.33408,-6.24859,71.93
906,37.28,53.32628,-6.24796,84.38
907,37.92,53.3302,-6.2513,84.23
908,37.76,53.33106,-6.22898,78.07
909,37.35,53.34635,-6.23676,82.7
910,37.73,53.33139,-6.23313,80.52
911,38.28,53.32539,-6.24311,80.66
912,38.11,53.32963,-6.23968,96.69
913,38.83,53.32256,-6.23234,64.67
914,38.53,53.32855,-6.24923,92.1
915,38.09,53.3406,-6.23786,86.11
916,38.16,53.32272,-6.25942,73.19
917,37.84,53.34369,-6.25201,82.35
918,38.46,53.33425,-6.25586,92.09
919,38.56,53.32813,-6.24926,74.0
920,37.76,53.34986,-6.23269,79.6
921,38.65,53.33503,-6.257,65.77
922,37.75,53.33225,-6.23945,96.55
923,38.04,53.32945,-6.22472,82.9
924,37.58,53.32541,-6.22316,91.55
925,38.68,53.33769,-6.25416,82.85
926,38.2,53.34543,-6.22633,70.95
927,37.85,53.32097,-6.22821,73.8
928,38.64,53.32466,-6.2248,71.75
929,37.97,53.33208,-6.22298,81.2
930,38.27,53.34019,-6.22173,91.69
931,37.86,53.32136,-6.23995,61.38
932,37.63,53.3453,-6.23987,78.57
933,38.76,53.34898,-6.24888,73.49
934,37.39,53.34797,-6.22734,83.06
935,37.74,53.32026,-6.22168,96.28
936,37.68,53.33832,-6.22687,69.6
937,37.85,53.32444,-6.25077,83.51
938,38.4,53.34556,-6.24956,95.01
939,38.21,53.34872,-6.24538,76.79
940,37.6,53.34448,-6.24272,81.33
941,38.56,53.32585,-6.24957,63.76
942,38.23,53.34964,-6.2513,71.97
943,38.13,53.3282,-6.23757,78.41
944,39.03,53.34767,-6.24802,97.65
945,37.93,53.34038,-6.23073,73.5
946,38.66,53.32826,-6.22883,97.82
947,38.11,53.34926,-6.24781,81.74
948,37.21,53.32576,-6.22302,93.72
949,38.33,53.34862,-6.23775,74.07
950,38.29,53.34819,-6.22529,75.99
951,37.73,53.32371,-6.22372,83.34
952,37.43,53.32983,-6.22095,91.82
953,38.06,53.32714,-6.24165,74.49
954,37.61,53.34001,-6.22967,65.33
955,37.83,53.33574,-6.24634,74.95
956,37.74,53.3226,-6.25231,63.31
957,37.34,53.34186,-6.25826,75.18
958,37.67,53.3495,-6.23054,85.12
959,37.83,53.32833,-6.25807,84.07
960,38.08,53.34684,-6.2597,76.44
961,37.23,53.33933,-6.22828,79.35
962,38.56,53.34787,-6.24825,88.83
963,37.62,53.32517,-6.22948,75.07
964,38.48,53.34721,-6.22603,83.6
965,38.09,53.33893,-6.25931,74.74
966,37.71,53.33651,-6.24819,104.15
967,38.09,53.32585,-6.25981,75.53
968,37.94,53.32639,-6.22946,74.81
969,37.91,53.34372,-6.24206,82.02
970,37.8,53.32564,-6.22022,71.29
971,38.08,53.32601,-6.23193,86.44
972,38.29,53.33404,-6.23181,78.75
973,37.33,53.33208,-6.24492,90.33
974,38.45,53.3436,-6.2387,75.38
975,38.12,53.33356,-6.2342,91.68
976,37.46,53.33231,-6.25107,95.06
977,39.06,53.32065,-6.23984,94.64
978,38.62,53.3352,-6.22294,82.79
979,37.96,53.3335,-6.22935,79.86
980,38.65,53.34898,-6.23768,76.6
981,39.03,53.33186,-6.237,72.35
982,38.21,53.33196,-6.24127,81.86
983,38.0,53.34975,-6.24467,66.34
984,37.05,53.34218,-6.25611,95.82
985,37.8,53.33359,-6.2324,77.28
986,38.48,53.33738,-6.25105,56.94
987,39.15,53.3236,-6.256,79.7
988,37.57,53.32371,-6.24583,66.16
989,38.52,53.3462,-6.22734,88.56
990,38.27,53.33948,-6.24696,93.0
991,38.27,53.33202,-6.23358,80.51
992,38.17,53.32083,-6.22003,85.55
993,37.71,53.34872,-6.2438,79.2
994,38.23,53.33371,-6.22753,72.67
995,38.52,53.34643,-6.22935,86.99
996,37.32,53.34685,-6.24798,71.23
997,37.61,53.34815,-6.23007,65.05
998,37.69,53.34384,-6.22352,72.91
999,38.22,53.34974,-6.22562,86.59
